-- phpMyAdmin SQL Dump
-- version 5.2.0
-- https://www.phpmyadmin.net/
--
-- Host: 127.0.0.1:3306
-- Tempo de geração: 22-Ago-2023 às 14:44
-- Versão do servidor: 8.0.31
-- versão do PHP: 8.0.26

SET SQL_MODE = "NO_AUTO_VALUE_ON_ZERO";
START TRANSACTION;
SET time_zone = "+00:00";


/*!40101 SET @OLD_CHARACTER_SET_CLIENT=@@CHARACTER_SET_CLIENT */;
/*!40101 SET @OLD_CHARACTER_SET_RESULTS=@@CHARACTER_SET_RESULTS */;
/*!40101 SET @OLD_COLLATION_CONNECTION=@@COLLATION_CONNECTION */;
/*!40101 SET NAMES utf8mb4 */;

--
-- Banco de dados: `tcc`
--

-- --------------------------------------------------------

--
-- Estrutura da tabela `agendamentos`
--

DROP TABLE IF EXISTS `agendamentos`;
CREATE TABLE IF NOT EXISTS `agendamentos` (
  `id` int NOT NULL AUTO_INCREMENT,
  `id_funcionarios` int NOT NULL,
  `id_horario` int NOT NULL,
  `id_sala` int NOT NULL,
  `data_agendamento` date NOT NULL,
  `inicio` date NOT NULL,
  `fim` date NOT NULL,
  PRIMARY KEY (`id`),
  KEY `fk_idf_pk_id` (`id_funcionarios`),
  KEY `fk_idh_pk_id` (`id_horario`),
  KEY `fk_ids_pk_id` (`id_sala`)
) ENGINE=InnoDB AUTO_INCREMENT=48 DEFAULT CHARSET=utf8mb4 COLLATE=utf8mb4_general_ci;

--
-- Extraindo dados da tabela `agendamentos`
--

INSERT INTO `agendamentos` (`id`, `id_funcionarios`, `id_horario`, `id_sala`, `data_agendamento`, `inicio`, `fim`) VALUES
(1, 2, 1, 1, '2023-06-30', '2023-06-30', '2023-06-30'),
(2, 1, 2, 2, '2023-06-30', '2023-06-30', '2023-06-30'),
(3, 1, 3, 2, '2023-06-30', '2023-06-30', '2023-06-30'),
(4, 1, 1, 2, '2023-06-30', '2023-07-04', '2023-07-04'),
(5, 1, 2, 2, '2023-06-30', '2023-07-04', '2023-07-04'),
(6, 1, 3, 2, '2023-06-30', '2023-07-04', '2023-07-04'),
(7, 1, 4, 2, '2023-06-30', '2023-07-04', '2023-07-04'),
(8, 1, 5, 2, '2023-06-30', '2023-07-04', '2023-07-04'),
(9, 1, 6, 2, '2023-06-30', '2023-07-04', '2023-07-04'),
(10, 2, 1, 6, '2023-07-04', '2023-07-05', '2023-07-05'),
(11, 2, 2, 6, '2023-07-04', '2023-07-05', '2023-07-05'),
(12, 2, 3, 6, '2023-07-04', '2023-07-05', '2023-07-05'),
(13, 2, 1, 6, '2023-07-04', '2023-07-04', '2023-07-04'),
(14, 2, 2, 6, '2023-07-04', '2023-07-04', '2023-07-04'),
(15, 2, 3, 6, '2023-07-04', '2023-07-04', '2023-07-04'),
(16, 2, 4, 6, '2023-07-04', '2023-07-04', '2023-07-04'),
(17, 2, 4, 1, '2023-07-07', '2023-07-07', '2023-07-07'),
(18, 2, 1, 2, '2023-07-11', '2023-07-11', '2023-07-11'),
(19, 2, 2, 2, '2023-07-11', '2023-07-11', '2023-07-11'),
(20, 2, 3, 2, '2023-07-11', '2023-07-11', '2023-07-11'),
(21, 2, 1, 4, '2023-08-01', '2023-08-01', '2023-08-01'),
(22, 2, 2, 4, '2023-08-01', '2023-08-01', '2023-08-01'),
(23, 2, 3, 4, '2023-08-01', '2023-08-01', '2023-08-01'),
(24, 1, 5, 8, '2023-08-01', '2023-08-02', '2023-08-02'),
(25, 1, 6, 8, '2023-08-01', '2023-08-02', '2023-08-02'),
(26, 2, 1, 6, '2023-08-15', '2023-08-17', '2023-08-17'),
(27, 2, 2, 6, '2023-08-15', '2023-08-17', '2023-08-17'),
(28, 2, 3, 6, '2023-08-15', '2023-08-17', '2023-08-17'),
(29, 2, 4, 7, '2023-08-15', '2023-08-15', '2023-08-15'),
(30, 2, 5, 7, '2023-08-15', '2023-08-15', '2023-08-15'),
(31, 2, 6, 7, '2023-08-15', '2023-08-15', '2023-08-15'),
(32, 2, 3, 7, '2023-08-15', '2023-08-24', '2023-08-24'),
(33, 2, 4, 7, '2023-08-15', '2023-08-24', '2023-08-24'),
(34, 2, 1, 1, '2023-08-15', '2023-08-15', '2023-08-15'),
(35, 2, 3, 7, '2023-08-15', '2023-08-16', '2023-08-16'),
(36, 2, 4, 7, '2023-08-15', '2023-08-16', '2023-08-16'),
(37, 2, 1, 5, '2023-08-18', '2023-08-18', '2023-08-18'),
(38, 2, 1, 5, '2023-08-18', '2023-08-20', '2023-08-20'),
(39, 2, 3, 5, '2023-08-18', '2023-08-20', '2023-08-20'),
(40, 2, 6, 5, '2023-08-18', '2023-08-20', '2023-08-20'),
(41, 2, 1, 2, '2023-08-22', '2023-08-22', '2023-08-22'),
(42, 2, 2, 2, '2023-08-22', '2023-08-22', '2023-08-22'),
(43, 2, 4, 4, '2023-08-22', '2023-08-23', '2023-08-23'),
(44, 2, 6, 4, '2023-08-22', '2023-08-23', '2023-08-23'),
(45, 2, 3, 4, '2023-08-22', '2023-08-24', '2023-08-24'),
(46, 2, 4, 4, '2023-08-22', '2023-08-24', '2023-08-24'),
(47, 2, 4, 4, '2023-08-22', '2023-08-26', '2023-08-26');

-- --------------------------------------------------------

--
-- Estrutura da tabela `funcionarios`
--

DROP TABLE IF EXISTS `funcionarios`;
CREATE TABLE IF NOT EXISTS `funcionarios` (
  `id` int NOT NULL AUTO_INCREMENT,
  `nome` varchar(100) CHARACTER SET utf16 COLLATE utf16_general_ci NOT NULL,
  `email` varchar(120) CHARACTER SET utf16 COLLATE utf16_general_ci NOT NULL,
  `nivel` int NOT NULL,
  `senha` varchar(50) CHARACTER SET utf16 COLLATE utf16_general_ci NOT NULL,
  `img` blob,
  PRIMARY KEY (`id`),
  UNIQUE KEY `email` (`email`)
) ENGINE=InnoDB AUTO_INCREMENT=5 DEFAULT CHARSET=utf8mb4 COLLATE=utf8mb4_general_ci;

--
-- Extraindo dados da tabela `funcionarios`
--

INSERT INTO `funcionarios` (`id`, `nome`, `email`, `nivel`, `senha`, `img`) VALUES
(1, 'Francisco Teófilo de Resende Netto', '00008512@fiemg.com.br', 1, '1234', NULL);
INSERT INTO `funcionarios` (`id`, `nome`, `email`, `nivel`, `senha`, `img`) VALUES
(2, 'Gabriel Henrique', '0000909622@alunosesimg.com.br', 2, '1234', 0x474946383961f2013201f700000403047c8284c4c4c46c0c187c424cc48490a9061d6c2234dce2e4e4a4aba44654e4c4c694061ca42234e494a0a4152c8c2331e4d4d4ecf4f2e4b5bba4a4a4bc0524a4626c8c1328343634c4b2b46c6a6c6c1927a48587f496a0f4e3e37c3244f4a3a9f4c4cb8c3240f4d4d5c4949aecfaf4a473798c1c2d7c2330ccd2d4e4bcc0bc0c291c1e1c8c525ca40b24d4a5aae4acb3b494945454547c1728f4ededdc959fa4525c8c0c1fd4b4b7b4b4b4946664f49ba57c0614bc122cd4bcc1e4cbcde49da68c2b39fcf5f6f4dbdb7c2b39b40c29a41b2fe4dcd99c152bf4ccd28c3b4abc727ccc0b2fd4acb0141414949494d4c2cc94434ebca2a8f4bcc29c0d22ececececa3aa747674b484909c1b2fd49ca29c2337fcfefc5c5e5c7c1e377c0f1eac4c60f4b2bc941428444644721e2cfce4e6dcdcdcecbcc1c40a2cac0c26ecabb5b49b9ffcecee940c20fc9ba5dcbcc1ec9ca5040a04d88290742a34b41229f4f5f4ecb5bdcc0527f8acb4a47e7c941c2e8424352c2c2c8c5a64dca4aaa432449c7c7cb06c7c3c3e3ca85c64a43a4c8c8c8c847e84c4aeac6c6e6c843c47c49ea4bc7b84d4cccc944d57b4aeb49c545ccc6e7c8c424cccccccc48d94acacacbcbcbc9c9c9cbc8c92ece4e4dcd6d8140e109c6e78b40522b466749c34449c2a349c3a4cb47a81b45b69b43e548c8684b444547112245c5a5cb452601c1a1ccc122cf8dee4c46e8c804a54a48a892426247c7e7c6466644c4e4c343234cca5ac9c051cac122b942334ecd4d6fca2a9fcc2ccfcd4dccc96a494566c840a1feccdd3ecddddfccad0dc9ca3945c64c47e8cbcaaa8841e2c0c060c740a1c84435174242fecc5caec96a0aca5a7c40626ac636f3c3a3cccb6bc741829ac868cfc94a1843542943444f4fbf9ac727cd4d4d4242224bc969c5c5654841727dcb5bafcdddc842b34943b48dcabb3dcc3c47c7a7cbc868c646264840f21b44c604c4a4cbc9c9f0c0b0c342e30444244ccacb0747274cc9aa09c4a54848484ccc2c4e4e4e4e4a6b4ac44548c1634f4e6ecf4a6b400000000000000000000000000000000000021ff0b4e45545343415045322e30030100000021f904000500ff002c00000000f20132010008ff00b9081c48b0a0c18308132a5cc8b0a1c38710234a9c48b1a2c58b18336adcc8b1a3c78f20438a1c49b2a4c9932853aa5cc9b2a5cb973063ca9c49b3a6cd9b3873eadcc9b3a7cf9f40830a1d4ab4a8d1a348932a5dcab4a9d3a750a34a9d4ab52a4f21556864ad63b5abd7af6067d6a104ebca157295c2aa5dcbb6ad464b7c526972e2a4dd13496ef3eaddebb64e2579da00081e9c2a5d25217c132b5eec1413222783230bc64089b1e5cb987dc2951c390e006869338b1e4d7ae566004ed679061067b560688e100f945dbab6eddb1169580a0c609def7582d71deb0d1c009fca5c68e35ecebc39973a9b55731e2c5df02c01ca9d6bdf9eb91986e0c505d3ff752d598600aedcd3abdf3b160370cfae9d74b9d28e3c754498d6ebdf0f96068559c585d79b0c959861093492ad360b25e8f1e7e0834d0941817b82c5315c706350c0153da771c64768108628e25063f1019e80635052c540f4c8f30a6b1646d60e5e23d668634e755060e260aec5018d8a056572050b151619c72947dca8e4922fd5f1041fc0555721344f9861501d029c22e0607c5060259360863992842ffe461e064fd023501d880981581d3908325d1c7cbc23e69d786a34160bc5c521203496d0c3951075b0592857553cf1e2747c3092e7a3903e04dd8ebd49062802c9155a451dd7a087583688a452218ad8456aeaa903e508cd9653a6b9e6a1c9a5ff5a689690d9e784395fa2aa6b9e8e5058a16b80aaf92a5785b659e87339c8629f60af80b8ebb34b0a91433be1c5a149703fae68507604b57721792c940aedb8356663ce969ead43a5b6082947db112e76762106e7916bef7acae946246b92a1296c43d909a081a8c485970e8df726bc1d62f3c8403067d050c0ee4458c6d26764ebc8928dc21c3b47833c1747364b21ff029c1ca1b2f9258b80ab3941093ddc762c33664ef2c69936f2607a72ac0eb1395015967cc76f647c90b3f1cc48d3fc046f5ba672c5d118b9490f2cfb72364b0e4967bd588e3bc60119bfda04003544310bd1a924a116c9633ae26aed765b19c8d999602c5cf1659b02c57c50766ffaff2583dad46990ebdb847f25c4155f4be6442c3412da60bb3c43be660e427be86ce19847c526d08b2ade45bd04e94d91937cac56dd3aa7389af9ea4c0941430e4f5802cb2cd3a15e89a7b13e4e91724212ec1b6114b02efc514254624900e9bcf24a2ae1858781c47b479db74095ac0cb813c10faffd4f98e440c115636893da7483b1004bc9b289fe10a10561721a795d8cbdfdfc6261424921e460c0c285094a960a2229c85bfaa6b711f61d4103d5f28c132ca13bfa397025f468863cae2008168ccf3ebf91cc296e17bae8ed2e6fc7cad12b5c539c76c843750f4ca149ec67892bf0213502fa1d8fac66096d714b7d649b8d40242183e651470685b08425ff101639151af18392b00422a0c42a8c298e05181044175cf59c83e0ee22b42156216c069e51d50516f278820068e0a6239a11228ca0040564303ef2912f15188845212891034968cb67201920fbfc3286ce484971ed08220572d0c0331a522099a080395ed146f291c76b7c90053928908d4d55f139661349167dd6a2cef56659184b050ba0210f4be48006873ce43c28d0056d34d18d7094012c2c210041e9306fd7f0a0f41a943e503dcc8db55b073be441094ae427950f148224282088574ec709a998850ce491834ac6ac902ac946fefe084cceac8305e4a063c990c93a01584216bf04e63ae0688e59d6129b3331db1128100b2875d38d7e72c22b0c91ff834a1c939c8413423628018d4602d3091838450028490f09f09280db2aa249b2988d27c86016a900e53dc5a38d59c8a312760468d6ea2009ef38136391840525105048774d0f872a11821960a7015908427c270566340b2189718af45e256d473adf880173d0d296107dd355ba550733300276ef38c54d0dba5100b06016efa804237cfa5354099412e1c367705e21830050a2920581a94cf086b72b55c10c92c8412110210b68f0a9aa83714224e52180c175d554f4c8810caad6bfc168e31477b164e4dea4569828f5a51215c85be35a88581434a79259e72c1897a4bf424a657cf81628d7310bc49aa14175a04103f5d6d893e031a209696a0ee4d105fdff613632c748852c6ae9d93bd1201b1468c7b5801987c33e21058acdd4a1063814da34b60ef4900425680b8da1aa53101aa884fc7a6ba366dc7486d379453af83a315cee512d84aa425cc177d7aaaee315b2c8043dfec95d0841f70919a50e67e2908a2e9cb50ab9e4194c5bbb13025761a088c000550fca8776d492bef5554f539f20d46e6a63bc0298582633235b79c8e085f7bcd03a22198b02c133c2b6c10a05b81198183dd38495d0997345831ee80ae009b54d5c665523a0ba98230798a8028151bc982724ef44fbe5c3152a91dc1417a40ed9c8017d0caad1b1b64306843c3191b7c6215f05e766a7b0c46975891b1b7b989178654d24654001a46ef9ff327570c42203a463f18c411e929000e486cc187a98d31c0a4e736ff820034b04b9c96fd68b109e50501ef9863caf40440e84c5d6b4d6467407a600220451e78d5ef814b16846a2f7828942a0934717acd02bccf1b2c7c16a61b1528e8d2dfa8a57ae6659ef1d0329cc5005448fba2a58b98227bf9c5759dce57165745c7ad827d12a98331663e01379643834ffc9a20b4635032a7f5d1538a5cd8da42d31573bd81c7731f696079eae2cec09de10f3811b24e3f6543e462d9d76819283f2199f4533641bb7f0c3b74d906edf618e429861dff2ce891906765041c8231b834ad59d647d841468ba1ded15b455b96134d5223ce131a9023d3bed9a5768e065affffaf888ea9089d9d69605553ea82cde8167900fe563d0186ea5aafd0a7280ee399c2a62a5053ca2b63e27bad395019a35be4e19c46e1e36ef894c1f53a44797ef146df66a440b7960b9023abf825ea7b12f17759ab8cf1c89e33175942c003d8fcba5982c48a661c10d8cc6bc764e48c75dca5e93230480dd7303806e9f00714bdf7257ca2e080da24b01725cb4d3f7cc3b2d55cef78c98e17bd61dcc2b965cdec8521e5fb126b71511205d799c0203d6ad725d0a9196cf577e2214d086ce39e3046818bc83cc3dd5d0d35a4684a41b1617655e9ad144c8d79f841e94f89b1b9dc06635f16d6fae5ff642b47c74015020001fce7cedd0d436e383c40cef70a5ff1bb5810826031db291d5bae418025de36d3ae3ddac8b25c8eefd8cf8b987c4c61806e27df8e8bffd4a7ef604a70078dd4427f3b76df5871199303bfc631fa9d07c9ea55e96d005b30079d3910a7cc040c884099590031e98038ee0817414821e4882022009d9e07f06910d1a6033cba264e6c75deaa5698de64d75c60762d4790fa45e88c02773e11b30048441a857ed900e14f0731b71045ae244d4910e81b265d09503c8a30dd3c62aeff504f3407d3e9109275878a4f11f01477b197882086811472000ca177882d70539e07633464e463710982000f28071df525883564346f1551fc607e9c020a2718669a871790547f327095a881099b0442c431d9bff073a2a98397a035dd3950e992720af5008f3a0833b610603950ee2131c9411894e410f2ed48884c851824001999088047104ef4058c4111c81b45da41850a1834775c08157106878281efe52863ae16757900ea5633502701999900e01128655c50284c78907310fccb85fe2c18682f2503f9545ce1560b4510539400e35a84eaf2036c248134d4509ed1017d6d81bb190098b910d95807fd5968acbc707a4006107e16cf4381d2cf039ae0850cc9532356606c93742f7940aeb521332c50896900eec406de4230301941847200be2473eeb40171cd9913094664e50086e871047f004cde446b3000b8828403b738b59336001962a925008e960819dc107f2ffc06b31116439100b1574777e0200f4c21734c043cee404d8450eb0a094b0b09486b094040791da9759e4c08942125a8eb48a7e957e36a75e14649379a564bdc612bb48095d608cce0800da80357ac18280776be22103946006f4400f556097f35505985097d9200012640e151879efd059049109b1c045d5d65f31988004240481f50e00421da0547befb09522510747900946b674e0064a2cc0966ec10868e76892f18fc5c71084420f03f50ed0a00dcc031ff09157b0d02045690eda5737f5f26a0948510f298be4e30482236423b178f43406c3764f0e881c6d910da7f035a084010190679d2201d7d029d519743b932af4603cb10020afa40d96201047ff70056c141cf6f10a0f57631ec79810550595100027093899050d86306e7a420a1f06961ae94da7404461210935e9462cc0662c759d9c529d089a4b71983251260f9ca65f83110b765909aef41e99250862c63375208dc6875adb090b5eb67cd0600e47c0a111015da4600e15966623866d04c81a43b91666509ee4533419e650c41260d5c905d760367c732c6b827c343a43af100bef508dcb1207b28072bc1490dc967b7973795d709ccf34064663a20c510525790aafa073dc7481b3d00543442b9c8101f4d715027089236306b9042b09caa3a8159302d1298f430395b084f5b891e9e24d58664371c79eb71487ea5508d1b65179579915319e328098a8ff814feba00d63e04e00460fb1d069311a168cd08faed15f287732e9b3a1e8d1a339daa36dca0512804a8ed329772a2a5fda6e6c472c87522c807a78faf633025008f51679d0c071ad88a598495dfa99202cd00eef304476891e946aa9c9a81639d062d4f68835e6386424046c8009f8c0066ce026401a6085d229a9923295d005e91494fc72219978348e13abb3ea41afc50581a5012fda6ee2210b1af039bef61c92400eade448bfc907621a630d5405ef3054970a1694e03bc5e13429c0ad6ee2266cb00ab8f00bcbb00c49300465e0388891a0080a5102410360e547ac024e63262b2ef96bb22609024858a6533b002008ef400af293091eb660f8a40d82ff100b43248d55400ebe791d6a910d32602b1439109de2263d5a060b200e2f000313200e2ab00ac9c6a31a9b4b3b3a3dd76006e4f01e12a9794fa36525bb65d93187f23006c18a312cb05b8891afa7865723364d7309600ab1b343f5216a41099df623542bb50aca06b8500fc200047000073b0007ba800f7873a06f1a39c7523cd6d34499f82542f6b5dee76cf2200b905765d0a0011a000dfc839cda200b2a85560d21b796131647600e9ca1091a9009d789a0665307ab3001802bb83bd0013b1006b8c00604b1b13b5a69e8217283a5b53c720acb0aaaebea11db490e0fca84cc2b687a054426767809b1b3bed92c615109fbb2a94f00b754dba66c900430ffc00c3b00026ee006d4d001f9f00b862b6031d9b0b3d17b1f1a9fd4c138869215c7eb1132451696386df2cab67124466ec66c0b510554c319d66bb0d3d10e69d1bade2a041e30050920b8e67bbe3b900fcb800f1ceba3a9c5260deb8dc90134943218820024e777bf51931d7e260f3ef935adfa8b9a370657504d1ac6b1d3cbb3a5fb15f4f00ede24386be2add5290423300109b0033b50bee5cb0c6a9004ba9b290244031e500643f00d65f00d1ec0066c729d3bd49cfe63374a25b9ebda75e4200bcb5365b7c63fef950eac37b2d313903450c092c107cbea158e709ca9b0bdcab5b142800be29000b9d0c7b930be480cb502c4266c300249100253300576ff70068b8c0b1e40033f8c1840533983d10ea7b961260c124d55094fa001df455c6305bde33664d4eb2171dc1507eb213990327a2b10c0a002096005f9900b56000735500f53b0bee9c3b77600034030b870000435e00730b00c8fdc56a052678bf325c896c91381434220010d3aa4cfc40788554b1ecc920bc12d04ec9b70ecc53591cab8250b8e92326ffabde200b856e000c2e00776b00b869b496e020c6fe0073500071d70be70e00040000409f003eb39397df4c6801887ceac11bd9749342000ef8090187361b040012b49c30857ca6f7ca651810959ab3888ca6cd720012550023d3a0467a0066a00047ee0b4f0ec2e1eb0004d20b8f94c0d322dd31dff0007de800b7aa66cf45008e9e404e743c307bd1111f7262980ab164417a55508b5545e1c9c108dd5c6de8cd150210063601fdaf004a81aaa7520d20201c549b00c2aa002bf000cd3ba6142000c38d004f940c4334d0d44dc01cc80038c4046afc608a7601fe63190418dd0b3e18d8155081a100b5790b30f65d00aa13e161d1907dc1539403b96b2ca29679d1c4cad6c30c56590addb9a37bf90d678900f6d4dc135ed0dc0b022029c23219a8158bad719e15c12400f74691289ad7952ed141232546310c7bdcb1579db7b3c0ad2201dd26d3a022ae00756b0039f5dbe3bc00c6730048574048510c2a9200fce07ceaabd1234700543b5d85661095b823a15ff39a76daaad029432221dd2219d37f8b00c38f0b7301db8c10c076a1002176b7868f330b79202d48d45d53d115580dd376c158bb6254ef00e30b3bb6ce2710d9bad3d5c9d225db50eac022fe007fd1cccfd0c04301006dfa0bbd99c3759d2277cc07fe496dfebc795fb3dbdfefdc6a74c1504bc252c400ae5e526f8b00adfb00ad8da7b0adaad0a3aa74280090ba00230f0e3407e06cb300464143aa55d09643b186beaa425ce13554075172dc791191957dda3e9830f868cc8679004343e6318db41d8ba0a869c0423f00b2370d9eebbbbbc0d34f2eb2f34c15a4dee1098a0019d46b75d6109734b01edcbcb266d0516be0c82ec29aec3063dda926d92e069ff8e10ba430f2619209f237a2d516922ce775550a9063cdb4d6109751607964c1b65b00c6a00d3b56be121804a1ccc06dff00d43b00a325e06688e9dc921a70a7ed888115880e91b9f33e94eddae711e11f4702e5683e94cf10475b60ee61160341001de10c11dd0ec3b80d22ab0be6ce0012300d61370ed2a40b14380ad1157aa4c7cd81bba26cb140bb290a16f4e66bd8e1033ca2a054b1514904eebd00592d02655e00d2f0004b6ebec70500f137004a8f4e9b20b04c2200c5a200c09a0065bfe0d6414939cd2f0a829ab1b2a097dc5e42481154e950d9950a2e9be10d9d00efbc5365ef1049d8b1ab180aef4100dc46ddc323db87ef006475028bf90ceccff00b833cf0c33efcf5390e1657445fbf6862f412833650904670e88404c92800982bef11c8e2099c5c3775eecab3ba7f460eff84ed3d400077ea002f4a015f50c07364fc4448ccfc16c05434ee819cba3242e7565048e09263e7eb291dad00e68a15af75ae270729c2ef3154f20e08860256683093ef0023550bb338df52a901547e00d7e00f66edd01c83df356300123e00119eba340ed133abd62fb33272c700a2aa2eb6f96289d960aca69154f407b5750e05c5005e3f002c240bb832b0cdef00b569c097b4cbe317dbe34ddec4070062390e8bcdd5cd72072f2ab91b2709a4a0f7eacf20aa069158530f23efd2f679db45ecf0cc10c030b00b56c1001e2ff0003e43bc1f99cfbd4000478f0fbca21a741211baf53fccba701dbd5e4ca348883010d294e1585407bf240da273304cb001078ead5836127c910215cb81cf16305841b6a11254e840323099b840a356ee4d8d1e3479021457acc28445217270054ae64a972dd3a007c2cd51959d3e64d9c3975eee4d9d3e74fa03813d6a9d4aea54a5992822e652ab2d0d15485aa68ac2344888711cb928cf88651a110603080ec90b8c34d87896ee024584623a3c6b74de57e4c58a5109fa379e3a874d2c5cc5cc081050f265cb8679d66b3f252a069d871cd27475948a5aa90cde53218135ee302562cb3881d403c4cbb568507ab8f0b67930133ef6b008204a8a65ddbf6ff6dd509e91562215929eedb855caf9c3cf52b67ce25af71ee3c044602b41dac38ec505d2290046fdc764e18372e709c02c6c086cd27c777f0e9d5afc7dd7da3a4537b5ba69acddef1d3962c9e18e75287f9d7cd92032b0138c8a26687e9ac8bce013f4e4bad3ffb74b2ca1168c87bed15c622d470430e8342af0e4a143bea95df3a042cb2fc28fbaaa3e5aef1ef1a212220b02c2be050909a0e1854a10c2168f2cf449b28c0c0c2bcb4b1843f20935452c9ef6820a5b796d639e5af25994291a554e4e1af31b8607491331a80510308b470b46e226ad63a03212e90abb2a3ee28109148965eb1848637f3d433bd923ae3421219526ae9951cf604ea89635a72ff421e7ae06271b917c1b20308d0ce320b4d6a1c806119d456dcf3ad3ae4a4533e95ccfb6f45f4381a2a55435b7515a48c10c3eb280cb27955422e9e188e2f721af5d4d31639ab8386291260a6835c463330346a80b063048c5c6c15544b3058270e528f7a892568ea5335a43e59bd75dc4ffd54889e770465494a2ac9bdc9124d14bdc257731f1522b924122053d93277e8c08d1d8499e21bab92bb15c431f64af43527ae55290e196cad174247bf75f7e2577bec2f23f1f2e223438c6bb2445d971039a2b25f3b5b4ea16b46b0c30a66e090f9d8eafcddc12282db9cd8502104486761d8e2800926167a85b5a43aaaa08186c6aaaa49dc90a3b6ad314c9e48ff252f414a941a244b7605609d58a8d4f82db2fdbc2a8949194c603a3898711b841072d679e72a1f04d4ebd71c86869254634dc88c4a9e7822879385a84202a8e9de7af1dcbebafb28275464dc235da3ec42628a3d75ef2b1a863823012db4f0e339206aa821811032db8c659eff33e38aab89dccb097324ee1bc62a9e68e795576429249ba48d4bdcd1e12737bea7582d997550ad8fd768e4284ff9ad47efbaec4e88323c17a78917fc18dd8e3082f9061f36cc3e55cfb768c8a1b596b25d691d1972e012a42a94af331649ea989f24c51f74fe7f9f64c40c8820195fb404c08d202a7a4a89155d0c961036000317e3f0060edef08bae5c467f1a49cef980b4ff39f7d04348789b8f0c283115a7d5eb2dd93087d7a2422f58690418d9c806261a533c04e69024941004d056320b04e85021a4d0d62966e323b3556c62568920308e000c0fb0c12de5dbc8bddef41df7fced09a7e0030b9c20349738a177b0a844157c54b62a02ca250e0380f452f62d1a48a2101a30472124812721e6f126f49047ecd6250b1822103feb920103cd9538ef5825354eeb93129724ae2a48820285b8022262d1852ec40216141080f0beb5392e304206f2194e3abc15922a50e2142c808936ba900324e951961e91c47846f484fd01b0727fac84429038929579508749a38719cc408f583e2d1b5d188e6bda213f58d5c10c14300a210570bd59ff66d39714d0465e64d12e1d428f25714847256ee8488eb84998da7c9ab9e841c07102e01557c801238e89097ae0931e99104033ae008d0202401bfbe94f0a71c8cea8f1116f914b2600c5b992633cf38d2151a7480e3aae8b76a46aaf809c36c6608e2bc8a310f220a93cde21033ef8314af3fa95c6108a404970232fb3685e0eb979945980cc622f85534689a7114954336f4e20ea4b7c089b2e30822ab9e4a9f16820aaa38c019c3a74c49c566227a652947513f5a9abba3ab12abc43a50fa3934b8e92149a8050714d0dd96eba192558043287cbf4da6498da555032eeab70d2482502b5123096f525ee1384fc36c856040e30a0a9906b0eebb0cb9538e1ff0a98406c6eeab03ed70cadac00701f0058c0a88aedb5b25512800cb096550442962fe6986a123db4539e56c1af01ddec51642080b48ef67820aa50f450eb50afad2329fcf3df4f4099573dbe45b6efc0402a3a9bb757385732e4c0dc5a754b2e1a5882a38a8ac56f9d278487aea41de65495970024daebc2050194602e2bafb52d87bd24157c90012c62b1dd75f1811c66c0a3aa7a74d8f4b6ca2e50c2d215bceb3c4abc9525b3a0c4fc8e3bb700032569922c0439c871050cbfe31d217d82252a618648b2ef61ae71820c9e500901cc43128c90443f2d6109c139027811d6133dc83156008ca1b13aac842deb844bd88696c63ed15f316968cc6c98211320ff96406372875fb27eed15ed90810cba708a53a4031ab3e003efdaf10e4750f6a743ded011d265db1d3bf609054c455c1d895e3257f1261961044ac8f3123cb37125a9900534e30c24ba462fcd893df3ba6291095461d1ba7f06d7a2bf75591f9bb5b69319b47ae02cc44a08425b5d68e830851325b4f20f9d8cbe89835deb912a50401024b4102963918d4b0b26d639d4ee51e2708a4a03900201fd183d0e4c6ae4599423551b03c99e9b370d543742b3ce6115e4b1d877745a87558005e4d2210f4e66c2862361f6685985dc7351e2afb55509a54dd4edff1d011178c3c029b34989283f4c8cd090c13b0a918379d083697d03b64df607eecdc5b1106360a5ff60e79982dca2fbb543864f5ed2114484e640a5db8aac13b4416f7b73b28600eef79ce54c97ccd12307f2e8c21830d0c5543881052cd006cb6721887474c18ebfae0d23e32c841ee705d72fc5c415581d2531ce42161a2804278f60c68ecfa52a5c12023d2441090a3ca110b0b802394a2a0f4b50a212d9f0f598715307a7cf4300d990f6688922d4f76920d739ccc1cff3b60e16f0211db120c7132891efb2275dc2c1a34731fb8ecc1f7d1c384d9fc713de718a31c45c1e920077652fdbdb752162ed086c0609b375ecaf591c03f5beb73d954673bd938b7a0aa9420e60210b6d7cd1252c40046e035c975acb4bcc08a5046dc91dc62977e10a45ffb0bef9ff5adcd0bb4a7f34398225d2816395a4e20a88beaec6325168964836ef3a3403f4c97dec75a4e2159b7fc71338c9087a1c348bc167123d9e602df26080029ef476ce714a5e9e8ab0108848e97b8b7a7b6dcd171ab240c4bd3361c6aa809af13b35f25b8fdde003cce30b4468ad977a8bdd80b29538857562277aa004a923854278b18173af042c2b8b6b07a2b3841c9004101317f450b802e4891ea1006870bb95b8ad00f32bbc89030d00bd59fa0fa2b084423007684805171c1595638776d0bd7b9384a3c321144c41a1282dd748c0389028479b251a280428db163ea0045293264ad0c1423885576818fc831c16a03744c0b60f539a6f53c2f418b0281927ff368242dd122512ea021bbc2e33d0c100b8025948051f0cc3757102b9d30052d0ba6c38ba5c4a42351c893a1b1a527a9f6b599831e8a5caca881c589e05b38402d4183922a92ed0861fa413b8db3f4db23b23ecaf44c40d35fa1ad929276feb0f4bc0b138e0b4441c3ef30b8058f04230f44397d03e68380543f0b07900b13a3cc5a028adf6f9b9f142c471f19157d416b523c68ea0007980852ef8c24f949df98a3943a0804ac884ae83c6c110821c80bcf7c196ce2aaceb0a150503ac4202c7f2ca1d93ea024168986b0c1a950bc4a213006f4c21775c8a273b46cd6a0974bcae66b0c4c8aa9d7ee408bea3844ad20041e8435de48b311c3adee3ba2a102dff656caa23809d75199a6d21953818489e02a571bcbc7223878484151719396a1484d4b33d720344322c044a1000616c34ff9aa814b40b05db8bc08aa7d8289456ac3ee4030068b8a3940c89c660044a8a05190028558c488b933b44b0bb60b4a18cca486dba2cb403cacc838948d4ad8ca8847420a17510049d4aca8fb8862aa882be13802bc0a47668980e941dcd93010dc0b6b1b3a1bb4aca4c400422212a00503e06cc26b5aa1a83e4acaf192eb5bc091a684b49b80273908174c00098acadec9b8531c84b6e04bf8b0c2de04bc1a1e0a11f74025980bfa6428f6c0880a2ec0b536c4c9bb8179ab08b2e6807cb6c3550142341e03f9a148023601abe8a42ff52331c0a908182cb8bec3b851c908049dc081a409c6cd000dbd30658134ed8ec08b734267290813170c919acad6358074d883b19b882c12141be84462b922d7988055910040c884f0c98050c90852ba804e60cb0b654884a3805db1b836bbace9fa80224b3842e808657384e5d8c0395db3cf3cc017dc484d7cc449aa0816292844aa0040dcd010a805033c8cfd76b9a1c90055693056513509f68cb542a39ef8c48003806959b8598bb020f23bb617cbdf3193e1ff10f978ab3541b92bc488558983e14c509b033264ae802193839d58bc87510232aebbe113c02fdd1caff11bf560489dd881d6ca913a52a52a533836cc0500d680768e0835cd4c527bdb8fff2b40447b04933b25230751516f29a2f5a87679cd3c028263390040de0ce946a523f5c53a1ebbf66b0494cd8ab0194533d250c711c835d0143126954c2e83b3348812e6c0741e8a27a840da2e20341e882bacb01aedbb7d8a4d4a8190aa81a31a4a829549d8b2a18d316ab842bc080e8ead4d7d004ed6b8753e83e47488123eca92a32a85725976c58b78e04804599bd622d0ca7130001788757483d5cb5b5279db253785023fcccce603a6111bc66bd225fa2042055cca16987130d57c2882449b0845310842fbcccb2129a31c44bbd3c267e840b4655d7c0c08442881d92a10f7eadb959b5c07498567905c2b86b0773208722d437451bd8bad90839fc9aff6c4987c294d8c2a80301a884c0698759f0c1ba2412b87b855edc247df43d8d2d97dce90daf89037960d695a50d8ecd010e45296b74d1eca32f44800511dcd6994d12ff99adbc6807770b5adbc8864ab0d95880d7fb53538b2b5452a0800cd8b83444dadbc8887f940ca1c4daf4505aa87b076858b98425d9a91c8358a848a4f3dac1ab2263dcb48c65dbda30831cb0040ab00444882e17e5ac75d08642e53df09b509d945bc0303fda4a0549245cfb10b9a87b82bc8548359d2f41900144985a7dfccc7d9dd9efa825bc590773603ec5dd9054d341fa2330a96401a123ba43cd06c1e50eb8c8d7d0e5b6f4918775948f38c0c2d8351111b20458984b8a835affd46d875838cfa303cee004d7dc05392ef02bdb65897798bce4bd8da4a90491aa3041305d359d48ce24d56d2389a5b34ec2d55adacd0b16e8dae8551201b00479208774608194db5b8b83862ec03a08ddc7e1c9dc941c0ab2848938f0a1e705dff3058f841080912a0459f0a291b510b80355bc24453348d400be89238005e47b054788e0377111fda984a9fb5334dd5bf1640141c8d6f37c60d8c5e058a90472940fc9825e0cde10115adfb88cae04beb3f9425b79189cc0bdd1b938411ebe2e6ac35ebe7882172697184604734887341d54c9155511f4ccab7554b8009c1ce84653bb39aa18c7d74004992d6243091e02950744a8463d1b54401484862de1fff06b3466cb2dd9ba82318086312007c6ebd6a45337da22142fc698a4c1044bd000a76c07f78a487a25c341dc3aac94339f32c1c6a0074b2836e228047a60cb13a6b145a204728cac42f8e13d66124ad000259d851a860df97a8531388500a851886d27aefa382d6207dbc2ad7bc15f3ed608c5ca8bbde9e4c569cbbeab04a7bcdedf0d43f97ab95320871a0dd6e3ad1e511302332085e509acc26a1a4e9ea507c9aec41c4c4cd4e5c9693aa7bb0219908531788560166640e4556346e40d8ae2903882bbc80b2770238da964325b445b230722d56672f9de6ca04659b0cc51266516c08053e8bf9a04bf4a0e17d7351c7940406d918132da98c11db23ab084ff75bc2a0aa0657c068e2ac0a768fd6660fe676d89da8f0a80cefc4d7e54662e10a15738aac5444d8eebb75a424e7bce6821e2534968cfca6425906e9ff1e48331e88200a8c93596b30d529faee48bf8998a55c9ade1243d7210e23860309afe2e470a1e3378025968079015d4300ccf549885d64b67453e8980ea0b0100d17e1b4085c881a3fe1a5898eaad3c0204300304b0047390853315e2f6b9333ea8a36cfb3c017a6aa8c09fa6094d324323213033e443846986eba8a9031a920449d09d3395aeeb13230c98bb541ec1631a2145e982e939c5892e5752f918c7462cc8a6214a38d8252eabf0242a6d1861871d3796e8b35f0a3e3462426d2187c63e6dffe329a64a2087eeac3ffc7b52c8950ffd506a25740f9ad80dbd9689def6eddf96ec0c6d5a4e6d35565397f1f2258c361ee6ee8fa200acf78936e9a6b13e1580f529db780bac576094eedee61581118dc004643d0a912c6f1a638d715660f9503ee07969dcf688d81b1422c66f32cb861ca004fad386d4230fa1710d591080095c6e8590045940ce77307046a35b9b858593f3a25d79f0e4032de44dc429844095108474d5f02cd50891b3d98133b6951004d44ccafd858a426071bd7b82e7a600187aef3c3a821bcb8beed2f18eab848a8e091207e0b4369789b6aa1fe21b2327353390cef9b8023398f0532c0901b870c8b9827b9e72b692b8f631a273ca5fff5b868580f25c1716f397728402c21024316c621c0a47b8e659305f37d74f79d815e162a0eed07262cc062f8f12c6de731a7b9cc8fa5f4546732ea8027208a8588c6e44771e01e8cae48ee83af7144cc61a57ad74b6128055c31220bbcecd8d85806201520072505f924b9f8f4dd67470d4da27484c2738f4561f2d9fe1df72931c04aa034ce8538fed5847d03a01908442a47461e308f8e8ac3150f65c979a576709bb7297e2311c33485f58984c4d150468f8f67648076e308777b00401103365ec935483e596e083fc8976c4128fbd708d6acf9313f43a8d205049c801c74d0734dd96a37a0927d03e19f071590389bf2c203c6d7378ff1f0bdf952ce962ff9e51b4584d5f6f3e535c5d075382f69a98e824ef02866ff8e3310373509425479f8fa08123e8537f5a526d88975199a906ebe191e89896e81691e7a9c752143723972ae02769d4005998052760e9795db013920bb5f208332b202720ef9c6727d650940040f756a9832398074b8885760854cc1bd9df4d8500900408568d50494c408a7a76120ffe85894509730d11021ac886662007d4fbc41a0649764065eee578c5990759709f5a517b6db2f035525658f07b47c57a0ee68690ddeb3b0bc8d7101a907c52fa9207c2817b57d65702e423a73f05c527fc3cd9f9af71fb3c65756ecb760a200741c655067d8559106705364b1618031ac5b7241b6ae4618efff4a180c47c85d017fd37a10056058074a863a13d821c60fd2fc4ccb8a34ffa4c87872459f2984a39e686fb3c26458593b765096d0879e1c718476842957805829275dbe8916cd8fadb142c16e81d01a00704b05444488774e87a91d5d954d8bcaa04084702e8d1e022840bc2840a131e5c98d00cb97500264e5c77859ec38c1a3772ece8f123c8902247922c69f224ca942a5772acc467629c8a5d243564b952481d1a4724593237cb09c5a04201ac63f14a50971c02ccd459684692a4148564c91a23888f937512610eed2ad489136d18c668b05429470e49046b82145285c2ac9841d399b169f72edebc7af7f2edeb77a18059435f911350e52f42b60addff6232232007850032f86cf54a310e8b53942c3142f0b18a1933d9b25992954e10063e2c3479956b99a29357a9f9a4d3202f47b62a4d172a4e5847808ca1b3b2212e6efc38f2e4caf7d6790214806b27829ecc3bdcb7b7107a0228154224e3aab6545bb5ba0eba0eac866c18776beced3b7425ef3264cdd2e6a43c80ac955f9b8f8d410639666543431dee21544726573c47d12b922cf72084114a38a15f026040d45099596286818b19149210d8d1600625b0d0f74a565dc5b1df44b10550492575d9349a24d95402cb64da84779e51af68c3428afc0d15166d1a1442812447e8c6961029bca38d507c10472195555a79e5953414c24245fbad83012c92b0e7ff51871be1748400145cd18e7842f687813c956094519922d5418f8d678d314b6adabcc2071fafb0c0a29bb0b1c00752f250204026ba71510725e97019d42b53627929a6996a6ad741956020d18a199e42c1801fda949d2414bc33061fa9144ad13adac0a29475c74952c96339c802160b3f6685dfab131d131b3432bcf38440b08025140b85d4ba29b4d14a3b6d42345082c18231ad23d73aaf9c628825cde450c93cd99841cf11a16592c968a331c20854f14a328f0095384201291ab0ba60a1e7bdf284611466930325b1fca8e38e5a111aec797c6000a5505ab56329b5155b7cb184909ef24a65415674289fe99c12cb3be4c072c53bef20a2b206b1b81cff4b17e69c724a175d98060d1fda2cfc9abf47e6f02c95d9504201254523928a1348ef1c6c574a63e020c6514b3db55f75a43ac6732b9237541c9a249d0ad261230d16d25e9fe784d9c7307d5e2a2cb453c8cfd39a414164ae325da813398f9103d57dfbfd774a4248f204b65d2e7df7da4e60f004dd9428352643c6d5c95115963cf1842557e87c78b0468d51482693033e3ae9560a11013e25559183259421fefa906f539003e41c894ee55b961402cb2bb0337b0ac5a50b3f3c852abc5003098114f0c2326c94440134c0fa5ee82c853c5109f10b595b08f7f20806fb2c32663f3ef97f09c14806ea3c92080a4428e3c507d82c40c3edd5e610c02c9c4f0fffd33a82cc7a4dfdfc56873a00f01a39900739ae7021a685af7c0e7ca04dd8b0803368c106e098c1052ea0072a508101e7b00631cee0bc9254e209f290412cd2211efd90476db0228f56a0730c85692d365d2005f7a006c18edc2800b020872cf4d7c01d12b1881c29c32f54e00d1258201e22b8c00d6ee00217d8a2077428421620f08c1794212592a882240a218f0098a31da999c52c00c527418c211d8838c51560f1431fca03168680c591c467c49064e36441b40c0bf4b8c741eeb00eeed8442394008e6e44d10545a0031a22e90c2638e3017a68042f5681906ba4648075109a25286089518692689490d3173da94a4f1292240364042c48768a4105c5ff09c16b252e87b70a155c221c7b98c139c4408534a461053d88e40a92994c0f3682165de4e45ea099cbbe34851e1490472c0401145b4eb39bc213472b948102089ca30d0f2802278a904c3454a09dc65cc10d66f0881f78f36f75a804362f52cf7df68d06c4d8c3394ea087360c130dce68a7330e5a811570220d2e38473826a1497e5e8c499e0c2045335aa579100202b7680012da608062568013256da80ba870035f9c4304e5000646352ad399d29423d1f0c4096eb1852c0c330d9c3029270c60002ab4e106dd80c020b49004e7350427d22c4e4c6b2ad5a96e2a1ad63046372e800423d8220d062882576bc1801378021d16c0022e42d454aab2b5ad54ffcd8428f6800c1e7443986d600003c420865b78021b24c08507d8d0a18344d5adc729ac61138b1238846306d230050f82a9874fd8031272a801fddc3358c572b6b310fcc536b061836aa0200a9d584201604003fa79a826d0ccce11305110cf5209b1b4bdadedca508605c4601aeef8866e47e81136aca209263041289a20dcbe2c17b7ce7d6ed5662b926bf8c00404980311c261016fd8b63d0ca101308a11811041b7bce68d101bca31870d0413097a18052d9acb1221e0020bc3504235a210881a8ce0bcfefd2f627c908c0dcc400c0f70411b4e400c4cdc85b09748c6016620610880a106dfe82e8033ac6185ace17d27b0c515a9a0874574112f98e8c5ff1cf690852c88810148408744372ce3198f641579f0c209b2904c2654c005e858c0a9104283357c000541d882110e4c051778c20e347e329435c2060e98e21c3a9ee40a5c300a6f34980b9250c60c2090645b74d5001700c31b301ce53527d603802043371e50813b3081135ae6b28989608a0f1333997646c2337ea16636137aaa42e00019f4600483f2d805a5c0f35d30d1023278c1c0ea5cc142d3708b4e84a0d09efeaf9b95a1870630a1d49ca0823dded06521a8a017d2680312488a861514410c7b08445a4df5e95dd39606883ec7a227c989368862a27811823792718f07d862a1cea0b50bb2f087490c81d7d6be6d0cd86b845233a1086d084489f3ff22041f54a3c064fe69118af08007a0e30cd77e3767d74086733c800968b8431ada608371f4451c89b807126c916eb0dac2057a18c404e0adf0b6aac30b3ca8b741d340055028a22f55d88417083af02274d505f790c3c2432e5575a0c0171077c650adb18debf8a017f7a0c2c6c1ea820b28000a22bfb946d5a10c93dbdb19c30ec2ca99fb865188c10569284205c09a0631cc600d387ffa3e8b510d638881d62bc877146831e88ebc2112bed0aac0315d8134d8c30e5b873adaa7768450248208e7b8811eb6e08950e0023175d0c1004ca18707f8d419ecbc012a44c885a7a6bdf00ffcc534c2a90c22446111402ece2122210d310b950977b8432db6c00aaf411bbef33bd48e238616a3e3b0411da4d543ac55c1d01bdc031daa26bce763efdcf3c123115fc8c203186a801b9c40014d903df0fd8b77ad12d3005fe846386811fce593eeec2939442206d00d168bc11464e883cd99af7dc039bf244228c007a471826e9c431a8dc00161b7affea875df24427843391a010e70a02012b4b806ecd7af7fa90a810d5098862b70801400c3fe15a0011e200226a0022e200336a0033e200446a0044e200556a0a705040021f904000500ff002c00000000f20132010008ff00b9081c48b0a0c18308132a5cc8b0a1c38710234a9c48b1a2c58b18336adcc8b1a3c78f20438a1c49b2a4c9932853aa5cc9b2a5cb973063ca9c49b3a6cd9b3873eadcc9b3a7cf9f40830a1d4ab4a8d1a348932a5dcab4a9d3a750a34a9d4ab52a4f21556864ad63b5abd7af6067d6a104ebca157295c2aa5dcbb6ad464b7c526972e2a4dd13496ef3eaddebb64e2579da00081e9c2a5d25217c132b5eec1413222783230bc64089b1e5cb987dc2951c390e006869338b1e4d7ae566004ed679061067b560688e100f945dbab6eddb1169580a0c609def7582d71deb0d1c009fca5c68e35ecebc39973a9b55731e2c5df02c01ca9d6bdf9eb91986e0c505d3ff752d598600aedcd3abdf3b160370cfae9d74b9d28e3c754498d6ebdf0f96068559c585d79b0c959861093492ad360b25e8f1e7e0834d0941817b82c5315c706350c0153da771c64768108628e25063f1019e80635052c540f4c8f30a6b1646d60e5e23d668634e755060e260aec5018d8a056572050b151619c72947dca8e4922fd5f1041fc0555721344f9861501d029c22e0607c5060259360863992842ffe461e064fd023501d880981581d3908325d1c7cbc23e69d786a34160bc5c521203496d0c3951075b0592857553cf1e2747c3092e7a3903e04dd8ebd49062802c9155a451dd7a087583688a452218ad8456aeaa903e508cd9653a6b9e6a1c9a5ff5a689690d9e784395fa2aa6b9e8e5058a16b80aaf92a5785b659e87339c8629f60af80b8ebb34b0a91433be1c5a149703fae68507604b57721792c940aedb8356663ce969ead43a5b6082947db112e76762106e7916bef7acae946246b92a1296c43d909a081a8c485970e8df726bc1d62f3c8403067d050c0ee4458c6d26764ebc8928dc21c3b47833c1747364b21ff029c1ca1b2f9258b80ab3941093ddc762c33664ef2c69936f2607a72ac0eb1395015967cc76f647c90b3f1cc48d3fc046f5ba672c5d118b9490f2cfb72364b0e4967bd588e3bc60119bfda04003544310bd1a924a116c9633ae26aed765b19c8d999602c5cf1659b02c57c50766ffaff2583dad46990ebdb847f25c4155f4be6442c3412da60bb3c43be660e427be86ce19847c526d08b2ade45bd04e94d91937cac56dd3aa7389af9ea4c0941430e4f5802cb2cd3a15e89a7b13e4e91724212ec1b6114b02efc514254624900e9bcf24a2ae1858781c47b479db74095ac0cb813c10faffd4f98e440c115636893da7483b1004bc9b289fe10a10561721a795d8cbdfdfc6261424921e460c0c285094a960a2229c85bfaa6b711f61d4103d5f28c132ca13bfa397025f468863cae2008168ccf3ebf91cc296e17bae8ed2e6fc7cad12b5c539c76c843750f4ca149ec67892bf0213502fa1d8fac66096d714b7d649b8d40242183e651470685b08425ff101639151af18392b00422a0c42a8c298e05181044175cf59c83e0ee22b42156216c069e51d50516f278820068e0a6239a11228ca0040564303ef2912f15188845212891034968cb67201920fbfc3286ce484971ed08220572d0c0331a522099a080395ed146f291c76b7c90053928908d4d55f139661349167dd6a2cef56659184b050ba0210f4be48006873ce43c28d0056d34d18d7094012c2c210041e9306fd7f0a0f41a943e503dcc8db55b073be441094ae427950f148224282088574ec709a998850ce491834ac6ac902ac946fefe084cceac8305e4a063c990c93a01584216bf04e63ae0688e59d6129b3331db1128100b2875d38d7e72c22b0c91ff834a1c939c8413423628018d4602d3091838450028490f09f09280db2aa249b2988d27c86016a900e53dc5a38d59c8a312760468d6ea2009ef38136391840525105048774d0f872a11821960a7015908427c270566340b2189718af45e256d473adf880173d0d296107dd355ba550733300276ef38c54d0dba5100b06016efa804237cfa5354099412e1c367705e21830050a2920581a94cf086b72b55c10c92c8412110210b68f0a9aa83714224e52180c175d554f4c8810caad6bfc168e31477b164e4dea4569828f5a51215c85be35a88581434a79259e72c1897a4bf424a657cf81628d7310bc49aa14175a04103f5d6d893e031a209696a0ee4d105fdff613632c748852c6ae9d93bd1201b1468c7b5801987c33e21058acdd4a1063814da34b60ef4900425680b8da1aa53101aa884fc7a6ba366dc7486d379453af83a315cee512d84aa425cc177d7aaaee315b2c8043dfec95d0841f70919a50e67e2908a2e9cb50ab9e4194c5bbb13025761a088c000550fca8776d492bef5554f539f20d46e6a63bc0298582633235b79c8e085f7bcd03a22198b02c133c2b6c10a05b81198183dd38495d0997345831ee80ae009b54d5c665523a0ba98230798a8028151bc982724ef44fbe5c3152a91dc1417a40ed9c8017d0caad1b1b64306843c3191b7c6215f05e766a7b0c46975891b1b7b989178654d24654001a46ef9ff327570c42203a463f18c411e929000e486cc187a98d31c0a4e736ff820034b04b9c96fd68b109e50501ef9863caf40440e84c5d6b4d6467407a600220451e78d5ef814b16846a2f7828942a0934717acd02bccf1b2c7c16a61b1528e8d2dfa8a57ae6659ef1d0329cc5005448fba2a58b98227bf9c5759dce57165745c7ad827d12a98331663e01379643834ffc9a20b4635032a7f5d1538a5cd8da42d31573bd81c7731f696079eae2cec09de10f3811b24e3f6543e462d9d76819283f2199f4533641bb7f0c3b74d906edf618e429861dff2ce891906765041c8231b834ad59d647d841468ba1ded15b455b96134d5223ce131a9023d3bed9a5768e065affffaf888ea9089d9d69605553ea82cde8167900fe563d0186ea5aafd0a7280ee399c2a62a5053ca2b63e27bad395019a35be4e19c46e1e36ef894c1f53a44797ef146df66a440b7960b9023abf825ea7b12f17759ab8cf1c89e33175942c003d8fcba5982c48a661c10d8cc6bc764e48c75dca5e93230480dd7303806e9f00714bdf7257ca2e080da24b01725cb4d3f7cc3b2d55cef78c98e17bd61dcc2b965cdec8521e5fb126b71511205d799c0203d6ad725d0a9196cf577e2214d086ce39e3046818bc83cc3dd5d0d35a4684a41b1617655e9ad144c8d79f841e94f89b1b9dc06635f16d6fae5ff642b47c74015020001fce7cedd0d436e383c40cef70a5ff1bb5810826031db291d5bae418025de36d3ae3ddac8b25c8eefd8cf8b987c4c61806e27df8e8bffd4a7ef604a70078dd4427f3b76df5871199303bfc631fa9d07c9ea55e96d005b30079d3910a7cc040c884099590031e98038ee0817414821e4882022009d9e07f06910d1a6033cba264e6c75deaa5698de64d75c60762d4790fa45e88c02773e11b30048441a857ed900e14f0731b71045ae244d4910e81b265d09503c8a30dd3c62aeff504f3407d3e9109275878a4f11f01477b197882086811472000ca177882d70539e07633464e463710982000f28071df525883564346f1551fc607e9c020a2718669a871790547f327095a881099b0442c431d9bff073a2a98397a035dd3950e992720af5008f3a0833b610603950ee2131c9411894e410f2ed48884c851824001999088047104ef4058c4111c81b45da41850a1834775c08157106878281efe52863ae16757900ea5633502701999900e01128655c50284c78907310fccb85fe2c18682f2503f9545ce1560b4510539400e35a84eaf2036c248134d4509ed1017d6d81bb190098b910d95807fd5968acbc707a4006107e16cf4381d2cf039ae0850cc9532356606c93742f7940aeb521332c50896900eec406de4230301941847200be2473eeb40171cd9913094664e50086e871047f004cde446b3000b8828403b738b59336001962a925008e960819dc107f2ffc06b31116439100b1574777e0200f4c21734c043cee404d8450eb0a094b0b09486b094040791da9759e4c08942125a8eb48a7e957e36a75e14649379a564bdc612bb48095d608cce0800da80357ac18280776be22103946006f4400f556097f35505985097d9200012640e151879efd059049109b1c045d5d65f31988004240481f50e00421da0547befb09522510747900946b674e0064a2cc0966ec10868e76892f18fc5c71084420f03f50ed0a00dcc031ff09157b0d02045690eda5737f5f26a0948510f298be4e30482236423b178f43406c3764f0e881c6d910da7f035a084010190679d2201d7d029d519743b932af4603cb10020afa40d96201047ff70056c141cf6f10a0f57631ec79810550595100027093899050d86306e7a420a1f06961ae94da7404461210935e9462cc0662c759d9c529d089a4b71983251260f9ca65f83110b765909aef41e99250862c63375208dc6875adb090b5eb67cd0600e47c0a111015da4600e15966623866d04c81a43b91666509ee4533419e650c41260d5c905d760367c732c6b827c343a43af100bef508dcb1207b28072bc1490dc967b7973795d709ccf34064663a20c510525790aafa073dc7481b3d00543442b9c8101f4d715027089236306b9042b09caa3a8159302d1298f430395b084f5b891e9e24d58664371c79eb71487ea5508d1b65179579915319e328098a8ff814feba00d63e04e00460fb1d069311a168cd08faed15f287732e9b3a1e8d1a339daa36dca0512804a8ed329772a2a5fda6e6c472c87522c807a78faf633025008f51679d0c071ad88a598495dfa99202cd00eef304476891e946aa9c9a81639d062d4f68835e6386424046c8009f8c0066ce026401a6085d229a9923295d005e91494fc72219978348e13abb3ea41afc50581a5012fda6ee2210b1af039bef61c92400eade448bfc907621a630d5405ef3054970a1694e03bc5e13429c0ad6ee2266cb00ab8f00bcbb00c49300465e0388891a0080a5102410360e547ac024e63262b2ef96bb22609024858a6533b002008ef400af293091eb660f8a40d82ff100b43248d55400ebe791d6a910d32602b1439109de2263d5a060b200e2f000313200e2ab00ac9c6a31a9b4b3b3a3dd76006e4f01e12a9794fa36525bb65d93187f23006c18a312cb05b8891afa7865723364d7309600ab1b343f5216a41099df623542bb50aca06b8500fc200047000073b0007ba800f7873a06f1a39c7523cd6d34499f82542f6b5dee76cf2200b905765d0a0011a000dfc839cda200b2a85560d21b796131647600e9ca1091a9009d789a0665307ab3001802bb83bd0013b1006b8c00604b1b13b5a69e8217283a5b53c720acb0aaaebea11db490e0fca84cc2b687a054426767809b1b3bed92c615109fbb2a94f00b754dba66c900430ffc00c3b00026ee006d4d001f9f00b862b6031d9b0b3d17b1f1a9fd4c138869215c7eb1132451696386df2cab67124466ec66c0b510554c319d66bb0d3d10e69d1bade2a041e30050920b8e67bbe3b900fcb800f1ceba3a9c5260deb8dc90134943218820024e777bf51931d7e260f3ef935adfa8b9a370657504d1ac6b1d3cbb3a5fb15f4f00ede24386be2add5290423300109b0033b50bee5cb0c6a9004ba9b290244031e500643f00d65f00d1ec0066c729d3bd49cfe63374a25b9ebda75e4200bcb5365b7c63fef950eac37b2d313903450c092c107cbea158e709ca9b0bdcab5b142800be29000b9d0c7b930be480cb502c4266c300249100253300576ff70068b8c0b1e40033f8c1840533983d10ea7b961260c124d55094fa001df455c6305bde33664d4eb2171dc1507eb213990327a2b10c0a002096005f9900b56000735500f53b0bee9c3b77600034030b870000435e00730b00c8fdc56a052678bf325c896c91381434220010d3aa4cfc40788554b1ecc920bc12d04ec9b70ecc53591cab8250b8e92326ffabde200b856e000c2e00776b00b869b496e020c6fe0073500071d70be70e00040000409f003eb39397df4c6801887ceac11bd9749342000ef8090187361b040012b49c30857ca6f7ca651810959ab3888ca6cd720012550023d3a0467a0066a00047ee0b4f0ec2e1eb0004d20b8f94c0d322dd31dff0007de800b7aa66cf45008e9e404e743c307bd1111f7262980ab164417a55508b5545e1c9c108dd5c6de8cd150210063601fdaf004a81aaa7520d20201c549b00c2aa002bf000cd3ba6142000c38d004f940c4334d0d44dc01cc80038c4046afc608a7601fe63190418dd0b3e18d8155081a100b5790b30f65d00aa13e161d1907dc1539403b96b2ca29679d1c4cad6c30c56590addb9a37bf90d678900f6d4dc135ed0dc0b022029c23219a8158bad719e15c12400f74691289ad7952ed141232546310c7bdcb1579db7b3c0ad2201dd26d3a022ae00756b0039f5dbe3bc00c6730048574048510c2a9200fce07ceaabd1234700543b5d85661095b823a15ff39a76daaad029432221dd2219d37f8b00c38f0b7301db8c10c076a1002176b7868f330b79202d48d45d53d115580dd376c158bb6254ef00e30b3bb6ce2710d9bad3d5c9d225db50eac022fe007fd1cccfd0c04301006dfa0bbd99c3759d2277cc07fe496dfebc795fb3dbdfefdc6a74c1504bc252c400ae5e526f8b00adfb00ad8da7b0adaad0a3aa74280090ba00230f0e3407e06cb300464143aa55d09643b186beaa425ce13554075172dc791191957dda3e9830f868cc8679004343e6318db41d8ba0a869c0423f00b2370d9eebbbbbc0d34f2eb2f34c15a4dee1098a0019d46b75d6109734b01edcbcb266d0516be0c82ec29aec3063dda926d92e069ff8e10ba430f2619209f237a2d516922ce775550a9063cdb4d6109751607964c1b65b00c6a00d3b56be121804a1ccc06dff00d43b00a325e06688e9dc921a70a7ed888115880e91b9f33e94eddae711e11f4702e5683e94cf10475b60ee61160341001de10c11dd0ec3b80d22ab0be6ce0012300d61370ed2a40b14380ad1157aa4c7cd81bba26cb140bb290a16f4e66bd8e1033ca2a054b1514904eebd00592d02655e00d2f0004b6ebec70500f137004a8f4e9b20b04c2200c5a200c09a0065bfe0d6414939cd2f0a829ab1b2a097dc5e42481154e950d9950a2e9be10d9d00efbc5365ef1049d8b1ab180aef4100dc46ddc323db87ef006475028bf90ceccff00b833cf0c33efcf5390e1657445fbf6862f412833650904670e88404c92800982bef11c8e2099c5c3775eecab3ba7f460eff84ed3d400077ea002f4a015f50c07364fc4448ccfc16c05434ee819cba3242e7565048e09263e7eb291dad00e68a15af75ae270729c2ef3154f20e08860256683093ef0023550bb338df52a901547e00d7e00f66edd01c83df356300123e00119eba340ed133abd62fb33272c700a2aa2eb6f96289d960aca69154f407b5750e05c5005e3f002c240bb832b0cdef00b569c097b4cbe317dbe34ddec4070062390e8bcdd5cd72072f2ab91b2709a4a0f7eacf20aa069158530f23efd2f679db45ecf0cc10c030b00b56c1001e2ff0003e43bc1f99cfbd4000478f0fbca21a741211baf53fccba701dbd5e4ca348883010d294e1585407bf240da273304cb001078ead5836127c910215cb81cf16305841b6a11254e840323099b840a356ee4d8d1e3479021457acc28445217270054ae64a972dd3a007c2cd51959d3e64d9c3975eee4d9d3e74fa03813d6a9d4aea54a5992822e652ab2d0d15485aa68ac2344888711cb928cf88651a110603080ec90b8c34d87896ee024584623a3c6b74de57e4c58a5109fa379e3a874d2c5cc5cc081050f265cb8679d66b3f252a069d871cd27475948a5aa90cde53218135ee302562cb3881d403c4cbb568507ab8f0b67930133ef6b008204a8a65ddbf6ff6dd509e91562215929eedb855caf9c3cf52b67ce25af71ee3c044602b41dac38ec505d2290046fdc764e18372e709c02c6c086cd27c777f0e9d5afc7dd7da3a4537b5ba69acddef1d3962c9e18e75287f9d7cd92032b0138c8a26687e9ac8bce013f4e4bad3ffb74b2ca1168c87bed15c622d470430e8342af0e4a143bea95df3a042cb2fc28fbaaa3e5aef1ef1a212220b02c2be050909a0e1854a10c2168f2cf449b28c0c0c2bcb4b1843f20935452c9ef6820a5b796d639e5af25994291a554e4e1af31b8607491331a80510308b470b46e226ad63a03212e90abb2a3ee28109148965eb1848637f3d433bd923ae3421219526ae9951cf604ea89635a72ff421e7ae06271b917c1b20308d0ce320b4d6a1c806119d456dcf3ad3ae4a4533e95ccfb6f45f4381a2a55435b7515a48c10c3eb280cb27955422e9e188e2f721af5d4d31639ab8386291260a6835c463330346a80b063048c5c6c15544b3058270e528f7a892568ea5335a43e59bd75dc4ffd54889e770465494a2ac9bdc9124d14bdc257731f1522b924122053d93277e8c08d1d8499e21bab92bb15c431f64af43527ae55290e196cad174247bf75f7e2577bec2f23f1f2e223438c6bb2445d971039a2b25f3b5b4ea16b46b0c30a66e090f9d8eafcddc12282db9cd8502104486761d8e2800926167a85b5a43aaaa08186c6aaaa49dc90a3b6ad314c9e48ff252f414a941a244b7605609d58a8d4f82db2fdbc2a8949194c603a3898711b841072d679e72a1f04d4ebd71c86869254634dc88c4a9e7822879385a84202a8e9de7af1dcbebafb28275464dc235da3ec42628a3d75ef2b1a863823012db4f0e339206aa821811032db8c659eff33e38aab89dccb097324ee1bc62a9e68e795576429249ba48d4bdcd1e12737bea7582d997550ad8fd768e4284ff9ad47efbaec4e88323c17a78917fc18dd8e3082f9061f36cc3e55cfb768c8a1b596b25d691d1972e012a42a94af331649ea989f24c51f74fe7f9f64c40c8820195fb404c08d202a7a4a89155d0c961036000317e3f0060edef08bae5c467f1a49cef980b4ff39f7d04348789b8f0c283115a7d5eb2dd93087d7a2422f58690418d9c806261a533c04e69024941004d056320b04e85021a4d0d62966e323b3556c62568920308e000c0fb0c12de5dbc8bddef41df7fced09a7e0030b9c20349738a177b0a844157c54b62a02ca250e0380f452f62d1a48a2101a30472124812721e6f126f49047ecd6250b1822103feb920103cd9538ef5825354eeb93129724ae2a48820285b8022262d1852ec40216141080f0beb5392e304206f2194e3abc15922a50e2142c808936ba900324e951961e91c47846f484fd01b0727fac84429038929579508749a38719cc408f583e2d1b5d188e6bda213f58d5c10c14300a210570bd59ff66d39714d0465e64d12e1d428f25714847256ee8488eb84998da7c9ab9e841c07102e01557c801238e89097ae0931e99104033ae008d0202401bfbe94f0a71c8cea8f1116f914b2600c5b992633cf38d2151a7480e3aae8b76a46aaf809c36c6608e2bc8a310f220a93cde21033ef8314af3fa95c6108a404970232fb3685e0eb979945980cc622f85534689a7114954336f4e20ea4b7c089b2e30822ab9e4a9f16820aaa38c019c3a74c49c566227a652947513f5a9abba3ab12abc43a50fa3934b8e92149a8050714d0dd96eba192558043287cbf4da6498da555032eeab70d2482502b5123096f525ee1384fc36c856040e30a0a9906b0eebb0cb9538e1ff0a98406c6eeab03ed70cadac00701f0058c0a88aedb5b25512800cb096550442962fe6986a123db4539e56c1af01ddec51642080b48ef67820aa50f450eb50afad2329fcf3df4f4099573dbe45b6efc0402a3a9bb757385732e4c0dc5a754b2e1a5882a38a8ac56f9d278487aea41de65495970024daebc2050194602e2bafb52d87bd24157c90012c62b1dd75f1811c66c0a3aa7a74d8f4b6ca2e50c2d215bceb3c4abc9525b3a0c4fc8e3bb700032569922c0439c871050cbfe31d217d82252a618648b2ef61ae71820c9e500901cc43128c90443f2d6109c139027811d6133dc83156008ca1b13aac842deb844bd88696c63ed15f316968cc6c98211320ff96406372875fb27eed15ed90810cba708a53a4031ab3e003efdaf10e4750f6a743ded011d265db1d3bf609054c455c1d895e3257f1261961044ac8f3123cb37125a9900534e30c24ba462fcd893df3ba6291095461d1ba7f06d7a2bf75591f9bb5b69319b47ae02cc44a08425b5d68e830851325b4f20f9d8cbe89835deb912a50401024b4102963918d4b0b26d639d4ee51e2708a4a03900201fd183d0e4c6ae4599423551b03c99e9b370d543742b3ce6115e4b1d877745a87558005e4d2210f4e66c2862361f6685985dc7351e2afb55509a54dd4edff1d011178c3c029b34989283f4c8cd090c13b0a918379d083697d03b64df607eecdc5b1106360a5ff60e79982dca2fbb543864f5ed2114484e640a5db8aac13b4416f7b73b28600eef79ce54c97ccd12307f2e8c21830d0c5543881052cd006cb6721887474c18ebfae0d23e32c841ee705d72fc5c415581d2531ce42161a2804278f60c68ecfa52a5c12023d2441090a3ca110b0b802394a2a0f4b50a212d9f0f598715307a7cf4300d990f6688922d4f76920d739ccc1cff3b60e16f0211db120c7132891efb2275dc2c1a34731fb8ecc1f7d1c384d9fc713de718a31c45c1e920077652fdbdb752162ed086c0609b375ecaf591c03f5beb73d954673bd938b7a0aa9420e60210b6d7cd1252c40046e035c975acb4bcc08a5046dc91dc62977e10a45ffb0bef9ff5adcd0bb4a7f34398225d2816395a4e20a88beaec6325168964836ef3a3403f4c97dec75a4e2159b7fc71338c9087a1c348bc167123d9e602df26080029ef476ce714a5e9e8ab0108848e97b8b7a7b6dcd171ab240c4bd3361c6aa809af13b35f25b8fdde003cce30b4468ad977a8bdd80b29538857562277aa004a923854278b18173af042c2b8b6b07a2b3841c9004101317f450b802e4891ea1006870bb95b8ad00f32bbc89030d00bd59fa0fa2b084423007684805171c1595638776d0bd7b9384a3c321144c41a1282dd748c0389028479b251a280428db163ea0045293264ad0c1423885576818fc831c16a03744c0b60f539a6f53c2f418b0281927ff368242dd122512ea021bbc2e33d0c100b8025948051f0cc3757102b9d30052d0ba6c38ba5c4a42351c893a1b1a527a9f6b599831e8a5caca881c589e05b38402d4183922a92ed0861fa413b8db3f4db23b23ecaf44c40d35fa1ad929276feb0f4bc0b138e0b4441c3ef30b8058f04230f44397d03e68380543f0b07900b13a3cc5a028adf6f9b9f142c471f19157d416b523c68ea0007980852ef8c24f949df98a3943a0804ac884ae83c6c110821c80bcf7c196ce2aaceb0a150503ac4202c7f2ca1d93ea024168986b0c1a950bc4a213006f4c21775c8a273b46cd6a0974bcae66b0c4c8aa9d7ee408bea3844ad20041e8435de48b311c3adee3ba2a102dff656caa23809d75199a6d21953818489e02a571bcbc7223878484151719396a1484d4b33d720344322c044a1000616c34ff9aa814b40b05db8bc08aa7d8289456ac3ee4030068b8a3940c89c660044a8a05190028558c488b933b44b0bb60b4a18cca486dba2cb403cacc838948d4ad8ca8847420a17510049d4aca8fb8862aa882be13802bc0a47668980e941dcd93010dc0b6b1b3a1bb4aca4c400422212a00503e06cc26b5aa1a83e4acaf192eb5bc091a684b49b80273908174c00098acadec9b8531c84b6e04bf8b0c2de04bc1a1e0a11f74025980bfa6428f6c0880a2ec0b536c4c9bb8179ab08b2e6807cb6c3550142341e03f9a148023601abe8a42ff52331c0a908182cb8bec3b851c908049dc081a409c6cd000dbd30658134ed8ec08b734267290813170c919acad6358074d883b19b882c12141be84462b922d7988055910040c884f0c98050c90852ba804e60cb0b654884a3805db1b836bbace9fa80224b3842e808657384e5d8c0395db3cf3cc017dc484d7cc449aa0816292844aa0040dcd010a805033c8cfd76b9a1c90055693056513509f68cb542a39ef8c48003806959b8598bb020f23bb617cbdf3193e1ff10f978ab3541b92bc488558983e14c509b033264ae802193839d58bc87510232aebbe113c02fdd1caff11bf560489dd881d6ca913a52a52a533836cc0500d680768e0835cd4c527bdb8fff2b40447b04933b25230751516f29a2f5a87679cd3c028263390040de0ce946a523f5c53a1ebbf66b0494cd8ab0194533d250c711c835d0143126954c2e83b3348812e6c0741e8a27a840da2e20341e882bacb01aedbb7d8a4d4a8190aa81a31a4a829549d8b2a18d316ab842bc080e8ead4d7d004ed6b8753e83e47488123eca92a32a85725976c58b78e04804599bd622d0ca7130001788757483d5cb5b5279db253785023fcccce603a6111bc66bd225fa2042055cca16987130d57c2882449b0845310842fbcccb2129a31c44bbd3c267e840b4655d7c0c08442881d92a10f7eadb959b5c07498567905c2b86b0773208722d437451bd8bad90839fc9aff6c4987c294d8c2a80301a884c0698759f0c1ba2412b87b855edc247df43d8d2d97dce90daf89037960d695a50d8ecd010e45296b74d1eca32f44800511dcd6994d12ff99adbc6807770b5adbc8864ab0d95880d7fb53538b2b5452a0800cd8b83444dadbc8887f940ca1c4daf4505aa87b076858b98425d9a91c8358a848a4f3dac1ab2263dcb48c65dbda30831cb0040ab00444882e17e5ac75d08642e53df09b509d945bc0303fda4a0549245cfb10b9a87b82bc8548359d2f41900144985a7dfccc7d9dd9efa825bc590773603ec5dd9054d341fa2330a96401a123ba43cd06c1e50eb8c8d7d0e5b6f4918775948f38c0c2d8351111b20458984b8a835affd46d875838cfa303cee004d7dc05392ef02bdb65897798bce4bd8da4a90491aa3041305d359d48ce24d56d2389a5b34ec2d55adacd0b16e8dae8551201b00479208774608194db5b8b83862ec03a08ddc7e1c9dc941c0ab2848938f0a1e705dff3058f841080912a0459f0a291b510b80355bc24453348d400be89238005e47b054788e0377111fda984a9fb5334dd5bf1640141c8d6f37c60d8c5e058a90472940fc9825e0cde10115adfb88cae04beb3f9425b79189cc0bdd1b938411ebe2e6ac35ebe7882172697184604734887341d54c9155511f4ccab7554b8009c1ce84653bb39aa18c7d74004992d6243091e02950744a8463d1b54401484862de1fff06b3466cb2dd9ba82318086312007c6ebd6a45337da22142fc698a4c1044bd000a76c07f78a487a25c341dc3aac94339f32c1c6a0074b2836e228047a60cb13a6b145a204728cac42f8e13d66124ad000259d851a860df97a8531388500a851886d27aefa382d6207dbc2ad7bc15f3ed608c5ca8bbde9e4c569cbbeab04a7bcdedf0d43f97ab95320871a0dd6e3ad1e511302332085e509acc26a1a4e9ea507c9aec41c4c4cd4e5c9693aa7bb0219908531788560166640e4556346e40d8ae2903882bbc80b2770238da964325b445b230722d56672f9de6ca04659b0cc51266516c08053e8bf9a04bf4a0e17d7351c7940406d918132da98c11db23ab084ff75bc2a0aa0657c068e2ac0a768fd6660fe676d89da8f0a80cefc4d7e54662e10a15738aac5444d8eebb75a424e7bce6821e2534968cfca6425906e9ff1e48331e88200a8c93596b30d529faee48bf8998a55c9ade1243d7210e23860309afe2e470a1e3378025968079015d4300ccf549885d64b67453e8980ea0b0100d17e1b4085c881a3fe1a5898eaad3c0204300304b0047390853315e2f6b9333ea8a36cfb3c017a6aa8c09fa6094d324323213033e443846986eba8a9031a920449d09d3395aeeb13230c98bb541ec1631a2145e982e939c5892e5752f918c7462cc8a6214a38d8252eabf0242a6d1861871d3796e8b35f0a3e3462426d2187c63e6dffe329a64a2087eeac3ffc7b52c8950ffd506a25740f9ad80dbd9689def6eddf96ec0c6d5a4e6d35565397f1f2258c361ee6ee8fa200acf78936e9a6b13e1580f529db780bac576094eedee61581118dc004643d0a912c6f1a638d715660f9503ee07969dcf688d81b1422c66f32cb861ca004fad386d4230fa1710d591080095c6e8590045940ce77307046a35b9b858593f3a25d79f0e4032de44dc429844095108474d5f02cd50891b3d98133b6951004d44ccafd858a426071bd7b82e7a600187aef3c3a821bcb8beed2f18eab848a8e091207e0b4369789b6aa1fe21b2327353390cef9b8023398f0532c0901b870c8b9827b9e72b692b8f631a273ca5fff5b868580f25c1716f397728402c21024316c621c0a47b8e659305f37d74f79d815e162a0eed07262cc062f8f12c6de731a7b9cc8fa5f4546732ea8027208a8588c6e44771e01e8cae48ee83af7144cc61a57ad74b6128055c31220bbcecd8d85806201520072505f924b9f8f4dd67470d4da27484c2738f4561f2d9fe1df72931c04aa034ce8538fed5847d03a01908442a47461e308f8e8ac3150f65c979a576709bb7297e2311c33485f58984c4d150468f8f67648076e308777b00401103365ec935483e596e083fc8976c4128fbd708d6acf9313f43a8d205049c801c74d0734dd96a37a0927d03e19f071590389bf2c203c6d7378ff1f0bdf952ce962ff9e51b4584d5f6f3e535c5d075382f69a98e824ef02866ff8e3310373509425479f8fa08123e8537f5a526d88975199a906ebe191e89896e81691e7a9c752143723972ae02769d4005998052760e9795db013920bb5f208332b202720ef9c6727d650940040f756a9832398074b8885760854cc1bd9df4d8500900408568d50494c408a7a76120ffe85894509730d11021ac886662007d4fbc41a0649764065eee578c5990759709f5a517b6db2f035525658f07b47c57a0ee68690ddeb3b0bc8d7101a907c52fa9207c2817b57d65702e423a73f05c527fc3cd9f9af71fb3c65756ecb760a200741c655067d8559106705364b1618031ac5b7241b6ae4618efff4a180c47c85d017fd37a10056058074a863a13d821c60fd2fc4ccb8a34ffa4c87872459f2984a39e686fb3c26458593b765096d0879e1c718476842957805829275dbe8916cd8fadb142c16e81d01a00704b05444488774e87a91d5d954d8bcaa04084702e8d1e022840bc2840a131e5c98d00cb97500264e5c77859ec38c1a3772ece8f123c8902247922c69f224ca942a5772acc467629c8a5d243564b952481d1a4724593237cb09c5a04201ac63f14a50971c02ccd459684692a4148564c91a23888f937512610eed2ad489136d18c668b05429470e49046b82145285c2ac9841d399b169f72edebc7af7f2edeb77a18059435f911350e52f42b60addff6232232007850032f86cf54a310e8b53942c3142f0b18a1933d9b25992954e10063e2c3479956b99a29357a9f9a4d3202f47b62a4d172a4e5847808ca1b3b2212e6efc38f2e4caf7d6790214806b27829ecc3bdcb7b7107a0228154224e3aab6545bb5ba0eba0eac866c18776beced3b7425ef3264cdd2e6a43c80ac955f9b8f8d410639666543431dee21544726573c47d12b922cf72084114a38a15f026040d45099596286818b19149210d8d1600625b0d0f74a565dc5b1df44b10550492575d9349a24d95402cb64da84779e51af68c3428afc0d15166d1a1442812447e8c6961029bca38d507c10472195555a79e5953414c24245fbad83012c92b0e7ff51871be1748400145cd18e7842f687813c956094519922d5418f8d678d314b6adabcc2071fafb0c0a29bb0b1c00752f250204026ba71510725e97019d42b53627929a6996a6ad741956020d18a199e42c1801fda949d2414bc33061fa9144ad13adac0a29475c74952c96339c802160b3f6685dfab131d131b3432bcf38440b08025140b85d4ba29b4d14a3b6d42345082c18231ad23d73aaf9c628825cde450c93cd99841cf11a16592c968a331c20854f14a328f0095384201291ab0ba60a1e7bdf284611466930325b1fca8e38e5a111aec797c6000a5505ab56329b5155b7cb184909ef24a65415674289fe99c12cb3be4c072c53bef20a2b206b1b81cff4b17e69c724a175d98060d1fda2cfc9abf47e6f02c95d9504201254523928a1348ef1c6c574a63e020c6514b3db55f75a43ac6732b9237541c9a249d0ad261230d16d25e9fe784d9c7307d5e2a2cb453c8cfd39a414164ae325da813398f9103d57dfbfd774a4248f204b65d2e7df7da4e60f004dd9428352643c6d5c95115963cf1842557e87c78b0468d51482693033e3ae9560a11013e25559183259421fefa906f539003e41c894ee55b961402cb2bb0337b0ac5a50b3f3c852abc5003098114f0c2326c94440134c0fa5ee82c853c5109f10b595b08f7f20806fb2c32663f3ef97f09c14806ea3c92080a4428e3c507d82c40c3edd5e610c02c9c4f0fffd33a82cc7a4dfdfc56873a00f01a39900739ae7021a685af7c0e7ca04dd8b0803368c106e098c1052ea0072a508101e7b00631cee0bc9254e209f290412cd2211efd90476db0228f56a0730c85692d365d2005f7a006c18edc2800b020872cf4d7c01d12b1881c29c32f54e00d1258201e22b8c00d6ee00217d8a2077428421620f08c1794212592a882240a218f0098a31da999c52c00c527418c211d8838c51560f1431fca03168680c591c467c49064e36441b40c0bf4b8c741eeb00eeed8442394008e6e44d10545a0031a22e90c2638e3017a68042f5681906ba4648075109a25286089518692689490d3173da94a4f1292240364042c48768a4105c5ff09c16b252e87b70a155c221c7b98c139c4408534a461053d88e40a92994c0f3682165de4e45ea099cbbe34851e1490472c0401145b4eb39bc213472b948102089ca30d0f2802278a904c3454a09dc65cc10d66f0881f78f36f75a804362f52cf7df68d06c4d8c3394ea087360c130dce68a7330e5a811570220d2e38473826a1497e5e8c499e0c2045335aa579100202b7680012da608062568013256da80ba870035f9c4304e5000646352ad399d29423d1f0c4096eb1852c0c330d9c3029270c60002ab4e106dd80c020b49004e7350427d22c4e4c6b2ad5a96e2a1ad63046372e800423d8220d062882576bc1801378021d16c0022e42d454aab2b5ad54ffcd8428f6800c1e7443986d600003c420865b78021b24c08507d8d0a18344d5adc729ac61138b1238846306d230050f82a9874fd8031272a801fddc3358c572b6b310fcc536b061836aa0200a9d584201604003fa79a826d0ccce11305110cf5209b1b4bdadedca508605c4601aeef8866e47e81136aca209263041289a20dcbe2c17b7ce7d6ed5662b926bf8c00404980311c261016fd8b63d0ca101308a11811041b7bce68d101bca31870d0413097a18052d9acb1221e0020bc3504235a210881a8ce0bcfefd2f627c908c0dcc400c0f70411b4e400c4cdc85b09748c6016620610880a106dfe82e8033ac6185ace17d27b0c515a9a0874574112f98e8c5ff1cf690852c88810148408744372ce3198f641579f0c209b2904c2654c005e858c0a9104283357c000541d882110e4c051778c20e347e329435c2060e98e21c3a9ee40a5c300a6f34980b9250c60c2090645b74d5001700c31b301ce53527d603802043371e50813b3081135ae6b28989608a0f1333997646c2337ea16636137aaa42e00019f4600483f2d805a5c0f35d30d1023278c1c0ea5cc142d3708b4e84a0d09efeaf9b95a1870630a1d49ca0823dded06521a8a017d2680312488a861514410c7b08445a4df5e95dd39606883ec7a227c989368862a27811823792718f07d862a1cea0b50bb2f087490c81d7d6be6d0cd86b845233a1086d084489f3ff22041f54a3c064fe69118af08007a0e30cd77e3767d74086733c800968b8431ada608371f4451c89b807126c916eb0dac2057a18c404e0adf0b6aac30b3ca8b741d340055028a22f55d88417083af02274d505f790c3c2432e5575a0c0171077c650adb18debf8a017f7a0c2c6c1ea820b28000a22bfb946d5a10c93dbdb19c30ec2ca99fb865188c10569284205c09a0631cc600d387ffa3e8b510d638881d62bc877146831e88ebc2112bed0aac0315d8134d8c30e5b873adaa7768450248208e7b8811eb6e08950e0023175d0c1004ca18707f8d419ecbc012a44c885a7a6bdf00ffcc534c2a90c22446111402ece2122210d310b950977b8432db6c00aaf411bbef33bd48e238616a3e3b0411da4d543ac55c1d01bdc031daa26bce763efdcf3c123115fc8c203186a801b9c40014d903df0fd8b77ad12d3005fe846386811fce593eeec2939442206d00d168bc11464e883cd99af7dc039bf244228c007a471826e9c431a8dc00161b7affea875df24427843391a010e70a02012b4b806ecd7af7fa90a810d5098862b70801400c3fe15a0011e200226a0022e200336a0033e200446a0044e200556a0a705040021f904000500ff002c00000000f20132010008ff00b9081c48b0a0c18308132a5cc8b0a1c38710234a9c48b1a2c58b18336adcc8b1a3c78f20438a1c49b2a4c9932853aa5cc9b2a5cb973063ca9c49b3a6cd9b3873eadcc9b3a7cf9f40830a1d4ab4a8d1a348932a5dcab4a9d3a750a34a9d4ab52a4f21556864ad63b5abd7af6067d6a104ebca157295c2aa5dcbb6ad464b7c526972e2a4dd13496ef3eaddebb64e2579da00081e9c2a5d25217c132b5eec1413222783230bc64089b1e5cb987dc2951c390e006869338b1e4d7ae566004ed679061067b560688e100f945dbab6eddb1169580a0c609def7582d71deb0d1c009fca5c68e35ecebc39973a9b55731e2c5df02c01ca9d6bdf9eb91986e0c505d3ff752d598600aedcd3abdf3b160370cfae9d74b9d28e3c754498d6ebdf0f96068559c585d79b0c959861093492ad360b25e8f1e7e0834d0941817b82c5315c706350c0153da771c64768108628e25063f1019e80635052c540f4c8f30a6b1646d60e5e23d668634e755060e260aec5018d8a056572050b151619c72947dca8e4922fd5f1041fc0555721344f9861501d029c22e0607c5060259360863992842ffe461e064fd023501d880981581d3908325d1c7cbc23e69d786a34160bc5c521203496d0c3951075b0592857553cf1e2747c3092e7a3903e04dd8ebd49062802c9155a451dd7a087583688a452218ad8456aeaa903e508cd9653a6b9e6a1c9a5ff5a689690d9e784395fa2aa6b9e8e5058a16b80aaf92a5785b659e87339c8629f60af80b8ebb34b0a91433be1c5a149703fae68507604b57721792c940aedb8356663ce969ead43a5b6082947db112e76762106e7916bef7acae946246b92a1296c43d909a081a8c485970e8df726bc1d62f3c8403067d050c0ee4458c6d26764ebc8928dc21c3b47833c1747364b21ff029c1ca1b2f9258b80ab3941093ddc762c33664ef2c69936f2607a72ac0eb1395015967cc76f647c90b3f1cc48d3fc046f5ba672c5d118b9490f2cfb72364b0e4967bd588e3bc60119bfda04003544310bd1a924a116c9633ae26aed765b19c8d999602c5cf1659b02c57c50766ffaff2583dad46990ebdb847f25c4155f4be6442c3412da60bb3c43be660e427be86ce19847c526d08b2ade45bd04e94d91937cac56dd3aa7389af9ea4c0941430e4f5802cb2cd3a15e89a7b13e4e91724212ec1b6114b02efc514254624900e9bcf24a2ae1858781c47b479db74095ac0cb813c10faffd4f98e440c115636893da7483b1004bc9b289fe10a10561721a795d8cbdfdfc6261424921e460c0c285094a960a2229c85bfaa6b711f61d4103d5f28c132ca13bfa397025f468863cae2008168ccf3ebf91cc296e17bae8ed2e6fc7cad12b5c539c76c843750f4ca149ec67892bf0213502fa1d8fac66096d714b7d649b8d40242183e651470685b08425ff101639151af18392b00422a0c42a8c298e05181044175cf59c83e0ee22b42156216c069e51d50516f278820068e0a6239a11228ca0040564303ef2912f15188845212891034968cb67201920fbfc3286ce484971ed08220572d0c0331a522099a080395ed146f291c76b7c90053928908d4d55f139661349167dd6a2cef56659184b050ba0210f4be48006873ce43c28d0056d34d18d7094012c2c210041e9306fd7f0a0f41a943e503dcc8db55b073be441094ae427950f148224282088574ec709a998850ce491834ac6ac902ac946fefe084cceac8305e4a063c990c93a01584216bf04e63ae0688e59d6129b3331db1128100b2875d38d7e72c22b0c91ff834a1c939c8413423628018d4602d3091838450028490f09f09280db2aa249b2988d27c86016a900e53dc5a38d59c8a312760468d6ea2009ef38136391840525105048774d0f872a11821960a7015908427c270566340b2189718af45e256d473adf880173d0d296107dd355ba550733300276ef38c54d0dba5100b06016efa804237cfa5354099412e1c367705e21830050a2920581a94cf086b72b55c10c92c8412110210b68f0a9aa83714224e52180c175d554f4c8810caad6bfc168e31477b164e4dea4569828f5a51215c85be35a88581434a79259e72c1897a4bf424a657cf81628d7310bc49aa14175a04103f5d6d893e031a209696a0ee4d105fdff613632c748852c6ae9d93bd1201b1468c7b5801987c33e21058acdd4a1063814da34b60ef4900425680b8da1aa53101aa884fc7a6ba366dc7486d379453af83a315cee512d84aa425cc177d7aaaee315b2c8043dfec95d0841f70919a50e67e2908a2e9cb50ab9e4194c5bbb13025761a088c000550fca8776d492bef5554f539f20d46e6a63bc0298582633235b79c8e085f7bcd03a22198b02c133c2b6c10a05b81198183dd38495d0997345831ee80ae009b54d5c665523a0ba98230798a8028151bc982724ef44fbe5c3152a91dc1417a40ed9c8017d0caad1b1b64306843c3191b7c6215f05e766a7b0c46975891b1b7b989178654d24654001a46ef9ff327570c42203a463f18c411e929000e486cc187a98d31c0a4e736ff820034b04b9c96fd68b109e50501ef9863caf40440e84c5d6b4d6467407a600220451e78d5ef814b16846a2f7828942a0934717acd02bccf1b2c7c16a61b1528e8d2dfa8a57ae6659ef1d0329cc5005448fba2a58b98227bf9c5759dce57165745c7ad827d12a98331663e01379643834ffc9a20b4635032a7f5d1538a5cd8da42d31573bd81c7731f696079eae2cec09de10f3811b24e3f6543e462d9d76819283f2199f4533641bb7f0c3b74d906edf618e429861dff2ce891906765041c8231b834ad59d647d841468ba1ded15b455b96134d5223ce131a9023d3bed9a5768e065affffaf888ea9089d9d69605553ea82cde8167900fe563d0186ea5aafd0a7280ee399c2a62a5053ca2b63e27bad395019a35be4e19c46e1e36ef894c1f53a44797ef146df66a440b7960b9023abf825ea7b12f17759ab8cf1c89e33175942c003d8fcba5982c48a661c10d8cc6bc764e48c75dca5e93230480dd7303806e9f00714bdf7257ca2e080da24b01725cb4d3f7cc3b2d55cef78c98e17bd61dcc2b965cdec8521e5fb126b71511205d799c0203d6ad725d0a9196cf577e2214d086ce39e3046818bc83cc3dd5d0d35a4684a41b1617655e9ad144c8d79f841e94f89b1b9dc06635f16d6fae5ff642b47c74015020001fce7cedd0d436e383c40cef70a5ff1bb5810826031db291d5bae418025de36d3ae3ddac8b25c8eefd8cf8b987c4c61806e27df8e8bffd4a7ef604a70078dd4427f3b76df5871199303bfc631fa9d07c9ea55e96d005b30079d3910a7cc040c884099590031e98038ee0817414821e4882022009d9e07f06910d1a6033cba264e6c75deaa5698de64d75c60762d4790fa45e88c02773e11b30048441a857ed900e14f0731b71045ae244d4910e81b265d09503c8a30dd3c62aeff504f3407d3e9109275878a4f11f01477b197882086811472000ca177882d70539e07633464e463710982000f28071df525883564346f1551fc607e9c020a2718669a871790547f327095a881099b0442c431d9bff073a2a98397a035dd3950e992720af5008f3a0833b610603950ee2131c9411894e410f2ed48884c851824001999088047104ef4058c4111c81b45da41850a1834775c08157106878281efe52863ae16757900ea5633502701999900e01128655c50284c78907310fccb85fe2c18682f2503f9545ce1560b4510539400e35a84eaf2036c248134d4509ed1017d6d81bb190098b910d95807fd5968acbc707a4006107e16cf4381d2cf039ae0850cc9532356606c93742f7940aeb521332c50896900eec406de4230301941847200be2473eeb40171cd9913094664e50086e871047f004cde446b3000b8828403b738b59336001962a925008e960819dc107f2ffc06b31116439100b1574777e0200f4c21734c043cee404d8450eb0a094b0b09486b094040791da9759e4c08942125a8eb48a7e957e36a75e14649379a564bdc612bb48095d608cce0800da80357ac18280776be22103946006f4400f556097f35505985097d9200012640e151879efd059049109b1c045d5d65f31988004240481f50e00421da0547befb09522510747900946b674e0064a2cc0966ec10868e76892f18fc5c71084420f03f50ed0a00dcc031ff09157b0d02045690eda5737f5f26a0948510f298be4e30482236423b178f43406c3764f0e881c6d910da7f035a084010190679d2201d7d029d519743b932af4603cb10020afa40d96201047ff70056c141cf6f10a0f57631ec79810550595100027093899050d86306e7a420a1f06961ae94da7404461210935e9462cc0662c759d9c529d089a4b71983251260f9ca65f83110b765909aef41e99250862c63375208dc6875adb090b5eb67cd0600e47c0a111015da4600e15966623866d04c81a43b91666509ee4533419e650c41260d5c905d760367c732c6b827c343a43af100bef508dcb1207b28072bc1490dc967b7973795d709ccf34064663a20c510525790aafa073dc7481b3d00543442b9c8101f4d715027089236306b9042b09caa3a8159302d1298f430395b084f5b891e9e24d58664371c79eb71487ea5508d1b65179579915319e328098a8ff814feba00d63e04e00460fb1d069311a168cd08faed15f287732e9b3a1e8d1a339daa36dca0512804a8ed329772a2a5fda6e6c472c87522c807a78faf633025008f51679d0c071ad88a598495dfa99202cd00eef304476891e946aa9c9a81639d062d4f68835e6386424046c8009f8c0066ce026401a6085d229a9923295d005e91494fc72219978348e13abb3ea41afc50581a5012fda6ee2210b1af039bef61c92400eade448bfc907621a630d5405ef3054970a1694e03bc5e13429c0ad6ee2266cb00ab8f00bcbb00c49300465e0388891a0080a5102410360e547ac024e63262b2ef96bb22609024858a6533b002008ef400af293091eb660f8a40d82ff100b43248d55400ebe791d6a910d32602b1439109de2263d5a060b200e2f000313200e2ab00ac9c6a31a9b4b3b3a3dd76006e4f01e12a9794fa36525bb65d93187f23006c18a312cb05b8891afa7865723364d7309600ab1b343f5216a41099df623542bb50aca06b8500fc200047000073b0007ba800f7873a06f1a39c7523cd6d34499f82542f6b5dee76cf2200b905765d0a0011a000dfc839cda200b2a85560d21b796131647600e9ca1091a9009d789a0665307ab3001802bb83bd0013b1006b8c00604b1b13b5a69e8217283a5b53c720acb0aaaebea11db490e0fca84cc2b687a054426767809b1b3bed92c615109fbb2a94f00b754dba66c900430ffc00c3b00026ee006d4d001f9f00b862b6031d9b0b3d17b1f1a9fd4c138869215c7eb1132451696386df2cab67124466ec66c0b510554c319d66bb0d3d10e69d1bade2a041e30050920b8e67bbe3b900fcb800f1ceba3a9c5260deb8dc90134943218820024e777bf51931d7e260f3ef935adfa8b9a370657504d1ac6b1d3cbb3a5fb15f4f00ede24386be2add5290423300109b0033b50bee5cb0c6a9004ba9b290244031e500643f00d65f00d1ec0066c729d3bd49cfe63374a25b9ebda75e4200bcb5365b7c63fef950eac37b2d313903450c092c107cbea158e709ca9b0bdcab5b142800be29000b9d0c7b930be480cb502c4266c300249100253300576ff70068b8c0b1e40033f8c1840533983d10ea7b961260c124d55094fa001df455c6305bde33664d4eb2171dc1507eb213990327a2b10c0a002096005f9900b56000735500f53b0bee9c3b77600034030b870000435e00730b00c8fdc56a052678bf325c896c91381434220010d3aa4cfc40788554b1ecc920bc12d04ec9b70ecc53591cab8250b8e92326ffabde200b856e000c2e00776b00b869b496e020c6fe0073500071d70be70e00040000409f003eb39397df4c6801887ceac11bd9749342000ef8090187361b040012b49c30857ca6f7ca651810959ab3888ca6cd720012550023d3a0467a0066a00047ee0b4f0ec2e1eb0004d20b8f94c0d322dd31dff0007de800b7aa66cf45008e9e404e743c307bd1111f7262980ab164417a55508b5545e1c9c108dd5c6de8cd150210063601fdaf004a81aaa7520d20201c549b00c2aa002bf000cd3ba6142000c38d004f940c4334d0d44dc01cc80038c4046afc608a7601fe63190418dd0b3e18d8155081a100b5790b30f65d00aa13e161d1907dc1539403b96b2ca29679d1c4cad6c30c56590addb9a37bf90d678900f6d4dc135ed0dc0b022029c23219a8158bad719e15c12400f74691289ad7952ed141232546310c7bdcb1579db7b3c0ad2201dd26d3a022ae00756b0039f5dbe3bc00c6730048574048510c2a9200fce07ceaabd1234700543b5d85661095b823a15ff39a76daaad029432221dd2219d37f8b00c38f0b7301db8c10c076a1002176b7868f330b79202d48d45d53d115580dd376c158bb6254ef00e30b3bb6ce2710d9bad3d5c9d225db50eac022fe007fd1cccfd0c04301006dfa0bbd99c3759d2277cc07fe496dfebc795fb3dbdfefdc6a74c1504bc252c400ae5e526f8b00adfb00ad8da7b0adaad0a3aa74280090ba00230f0e3407e06cb300464143aa55d09643b186beaa425ce13554075172dc791191957dda3e9830f868cc8679004343e6318db41d8ba0a869c0423f00b2370d9eebbbbbc0d34f2eb2f34c15a4dee1098a0019d46b75d6109734b01edcbcb266d0516be0c82ec29aec3063dda926d92e069ff8e10ba430f2619209f237a2d516922ce775550a9063cdb4d6109751607964c1b65b00c6a00d3b56be121804a1ccc06dff00d43b00a325e06688e9dc921a70a7ed888115880e91b9f33e94eddae711e11f4702e5683e94cf10475b60ee61160341001de10c11dd0ec3b80d22ab0be6ce0012300d61370ed2a40b14380ad1157aa4c7cd81bba26cb140bb290a16f4e66bd8e1033ca2a054b1514904eebd00592d02655e00d2f0004b6ebec70500f137004a8f4e9b20b04c2200c5a200c09a0065bfe0d6414939cd2f0a829ab1b2a097dc5e42481154e950d9950a2e9be10d9d00efbc5365ef1049d8b1ab180aef4100dc46ddc323db87ef006475028bf90ceccff00b833cf0c33efcf5390e1657445fbf6862f412833650904670e88404c92800982bef11c8e2099c5c3775eecab3ba7f460eff84ed3d400077ea002f4a015f50c07364fc4448ccfc16c05434ee819cba3242e7565048e09263e7eb291dad00e68a15af75ae270729c2ef3154f20e08860256683093ef0023550bb338df52a901547e00d7e00f66edd01c83df356300123e00119eba340ed133abd62fb33272c700a2aa2eb6f96289d960aca69154f407b5750e05c5005e3f002c240bb832b0cdef00b569c097b4cbe317dbe34ddec4070062390e8bcdd5cd72072f2ab91b2709a4a0f7eacf20aa069158530f23efd2f679db45ecf0cc10c030b00b56c1001e2ff0003e43bc1f99cfbd4000478f0fbca21a741211baf53fccba701dbd5e4ca348883010d294e1585407bf240da273304cb001078ead5836127c910215cb81cf16305841b6a11254e840323099b840a356ee4d8d1e3479021457acc28445217270054ae64a972dd3a007c2cd51959d3e64d9c3975eee4d9d3e74fa03813d6a9d4aea54a5992822e652ab2d0d15485aa68ac2344888711cb928cf88651a110603080ec90b8c34d87896ee024584623a3c6b74de57e4c58a5109fa379e3a874d2c5cc5cc081050f265cb8679d66b3f252a069d871cd27475948a5aa90cde53218135ee302562cb3881d403c4cbb568507ab8f0b67930133ef6b008204a8a65ddbf6ff6dd509e91562215929eedb855caf9c3cf52b67ce25af71ee3c044602b41dac38ec505d2290046fdc764e18372e709c02c6c086cd27c777f0e9d5afc7dd7da3a4537b5ba69acddef1d3962c9e18e75287f9d7cd92032b0138c8a26687e9ac8bce013f4e4bad3ffb74b2ca1168c87bed15c622d470430e8342af0e4a143bea95df3a042cb2fc28fbaaa3e5aef1ef1a212220b02c2be050909a0e1854a10c2168f2cf449b28c0c0c2bcb4b1843f20935452c9ef6820a5b796d639e5af25994291a554e4e1af31b8607491331a80510308b470b46e226ad63a03212e90abb2a3ee28109148965eb1848637f3d433bd923ae3421219526ae9951cf604ea89635a72ff421e7ae06271b917c1b20308d0ce320b4d6a1c806119d456dcf3ad3ae4a4533e95ccfb6f45f4381a2a55435b7515a48c10c3eb280cb27955422e9e188e2f721af5d4d31639ab8386291260a6835c463330346a80b063048c5c6c15544b3058270e528f7a892568ea5335a43e59bd75dc4ffd54889e770465494a2ac9bdc9124d14bdc257731f1522b924122053d93277e8c08d1d8499e21bab92bb15c431f64af43527ae55290e196cad174247bf75f7e2577bec2f23f1f2e223438c6bb2445d971039a2b25f3b5b4ea16b46b0c30a66e090f9d8eafcddc12282db9cd8502104486761d8e2800926167a85b5a43aaaa08186c6aaaa49dc90a3b6ad314c9e48ff252f414a941a244b7605609d58a8d4f82db2fdbc2a8949194c603a3898711b841072d679e72a1f04d4ebd71c86869254634dc88c4a9e7822879385a84202a8e9de7af1dcbebafb28275464dc235da3ec42628a3d75ef2b1a863823012db4f0e339206aa821811032db8c659eff33e38aab89dccb097324ee1bc62a9e68e795576429249ba48d4bdcd1e12737bea7582d997550ad8fd768e4284ff9ad47efbaec4e88323c17a78917fc18dd8e3082f9061f36cc3e55cfb768c8a1b596b25d691d1972e012a42a94af331649ea989f24c51f74fe7f9f64c40c8820195fb404c08d202a7a4a89155d0c961036000317e3f0060edef08bae5c467f1a49cef980b4ff39f7d04348789b8f0c283115a7d5eb2dd93087d7a2422f58690418d9c806261a533c04e69024941004d056320b04e85021a4d0d62966e323b3556c62568920308e000c0fb0c12de5dbc8bddef41df7fced09a7e0030b9c20349738a177b0a844157c54b62a02ca250e0380f452f62d1a48a2101a30472124812721e6f126f49047ecd6250b1822103feb920103cd9538ef5825354eeb93129724ae2a48820285b8022262d1852ec40216141080f0beb5392e304206f2194e3abc15922a50e2142c808936ba900324e951961e91c47846f484fd01b0727fac84429038929579508749a38719cc408f583e2d1b5d188e6bda213f58d5c10c14300a210570bd59ff66d39714d0465e64d12e1d428f25714847256ee8488eb84998da7c9ab9e841c07102e01557c801238e89097ae0931e99104033ae008d0202401bfbe94f0a71c8cea8f1116f914b2600c5b992633cf38d2151a7480e3aae8b76a46aaf809c36c6608e2bc8a310f220a93cde21033ef8314af3fa95c6108a404970232fb3685e0eb979945980cc622f85534689a7114954336f4e20ea4b7c089b2e30822ab9e4a9f16820aaa38c019c3a74c49c566227a652947513f5a9abba3ab12abc43a50fa3934b8e92149a8050714d0dd96eba192558043287cbf4da6498da555032eeab70d2482502b5123096f525ee1384fc36c856040e30a0a9906b0eebb0cb9538e1ff0a98406c6eeab03ed70cadac00701f0058c0a88aedb5b25512800cb096550442962fe6986a123db4539e56c1af01ddec51642080b48ef67820aa50f450eb50afad2329fcf3df4f4099573dbe45b6efc0402a3a9bb757385732e4c0dc5a754b2e1a5882a38a8ac56f9d278487aea41de65495970024daebc2050194602e2bafb52d87bd24157c90012c62b1dd75f1811c66c0a3aa7a74d8f4b6ca2e50c2d215bceb3c4abc9525b3a0c4fc8e3bb700032569922c0439c871050cbfe31d217d82252a618648b2ef61ae71820c9e500901cc43128c90443f2d6109c139027811d6133dc83156008ca1b13aac842deb844bd88696c63ed15f316968cc6c98211320ff96406372875fb27eed15ed90810cba708a53a4031ab3e003efdaf10e4750f6a743ded011d265db1d3bf609054c455c1d895e3257f1261961044ac8f3123cb37125a9900534e30c24ba462fcd893df3ba6291095461d1ba7f06d7a2bf75591f9bb5b69319b47ae02cc44a08425b5d68e830851325b4f20f9d8cbe89835deb912a50401024b4102963918d4b0b26d639d4ee51e2708a4a03900201fd183d0e4c6ae4599423551b03c99e9b370d543742b3ce6115e4b1d877745a87558005e4d2210f4e66c2862361f6685985dc7351e2afb55509a54dd4edff1d011178c3c029b34989283f4c8cd090c13b0a918379d083697d03b64df607eecdc5b1106360a5ff60e79982dca2fbb543864f5ed2114484e640a5db8aac13b4416f7b73b28600eef79ce54c97ccd12307f2e8c21830d0c5543881052cd006cb6721887474c18ebfae0d23e32c841ee705d72fc5c415581d2531ce42161a2804278f60c68ecfa52a5c12023d2441090a3ca110b0b802394a2a0f4b50a212d9f0f598715307a7cf4300d990f6688922d4f76920d739ccc1cff3b60e16f0211db120c7132891efb2275dc2c1a34731fb8ecc1f7d1c384d9fc713de718a31c45c1e920077652fdbdb752162ed086c0609b375ecaf591c03f5beb73d954673bd938b7a0aa9420e60210b6d7cd1252c40046e035c975acb4bcc08a5046dc91dc62977e10a45ffb0bef9ff5adcd0bb4a7f34398225d2816395a4e20a88beaec6325168964836ef3a3403f4c97dec75a4e2159b7fc71338c9087a1c348bc167123d9e602df26080029ef476ce714a5e9e8ab0108848e97b8b7a7b6dcd171ab240c4bd3361c6aa809af13b35f25b8fdde003cce30b4468ad977a8bdd80b29538857562277aa004a923854278b18173af042c2b8b6b07a2b3841c9004101317f450b802e4891ea1006870bb95b8ad00f32bbc89030d00bd59fa0fa2b084423007684805171c1595638776d0bd7b9384a3c321144c41a1282dd748c0389028479b251a280428db163ea0045293264ad0c1423885576818fc831c16a03744c0b60f539a6f53c2f418b0281927ff368242dd122512ea021bbc2e33d0c100b8025948051f0cc3757102b9d30052d0ba6c38ba5c4a42351c893a1b1a527a9f6b599831e8a5caca881c589e05b38402d4183922a92ed0861fa413b8db3f4db23b23ecaf44c40d35fa1ad929276feb0f4bc0b138e0b4441c3ef30b8058f04230f44397d03e68380543f0b07900b13a3cc5a028adf6f9b9f142c471f19157d416b523c68ea0007980852ef8c24f949df98a3943a0804ac884ae83c6c110821c80bcf7c196ce2aaceb0a150503ac4202c7f2ca1d93ea024168986b0c1a950bc4a213006f4c21775c8a273b46cd6a0974bcae66b0c4c8aa9d7ee408bea3844ad20041e8435de48b311c3adee3ba2a102dff656caa23809d75199a6d21953818489e02a571bcbc7223878484151719396a1484d4b33d720344322c044a1000616c34ff9aa814b40b05db8bc08aa7d8289456ac3ee4030068b8a3940c89c660044a8a05190028558c488b933b44b0bb60b4a18cca486dba2cb403cacc838948d4ad8ca8847420a17510049d4aca8fb8862aa882be13802bc0a47668980e941dcd93010dc0b6b1b3a1bb4aca4c400422212a00503e06cc26b5aa1a83e4acaf192eb5bc091a684b49b80273908174c00098acadec9b8531c84b6e04bf8b0c2de04bc1a1e0a11f74025980bfa6428f6c0880a2ec0b536c4c9bb8179ab08b2e6807cb6c3550142341e03f9a148023601abe8a42ff52331c0a908182cb8bec3b851c908049dc081a409c6cd000dbd30658134ed8ec08b734267290813170c919acad6358074d883b19b882c12141be84462b922d7988055910040c884f0c98050c90852ba804e60cb0b654884a3805db1b836bbace9fa80224b3842e808657384e5d8c0395db3cf3cc017dc484d7cc449aa0816292844aa0040dcd010a805033c8cfd76b9a1c90055693056513509f68cb542a39ef8c48003806959b8598bb020f23bb617cbdf3193e1ff10f978ab3541b92bc488558983e14c509b033264ae802193839d58bc87510232aebbe113c02fdd1caff11bf560489dd881d6ca913a52a52a533836cc0500d680768e0835cd4c527bdb8fff2b40447b04933b25230751516f29a2f5a87679cd3c028263390040de0ce946a523f5c53a1ebbf66b0494cd8ab0194533d250c711c835d0143126954c2e83b3348812e6c0741e8a27a840da2e20341e882bacb01aedbb7d8a4d4a8190aa81a31a4a829549d8b2a18d316ab842bc080e8ead4d7d004ed6b8753e83e47488123eca92a32a85725976c58b78e04804599bd622d0ca7130001788757483d5cb5b5279db253785023fcccce603a6111bc66bd225fa2042055cca16987130d57c2882449b0845310842fbcccb2129a31c44bbd3c267e840b4655d7c0c08442881d92a10f7eadb959b5c07498567905c2b86b0773208722d437451bd8bad90839fc9aff6c4987c294d8c2a80301a884c0698759f0c1ba2412b87b855edc247df43d8d2d97dce90daf89037960d695a50d8ecd010e45296b74d1eca32f44800511dcd6994d12ff99adbc6807770b5adbc8864ab0d95880d7fb53538b2b5452a0800cd8b83444dadbc8887f940ca1c4daf4505aa87b076858b98425d9a91c8358a848a4f3dac1ab2263dcb48c65dbda30831cb0040ab00444882e17e5ac75d08642e53df09b509d945bc0303fda4a0549245cfb10b9a87b82bc8548359d2f41900144985a7dfccc7d9dd9efa825bc590773603ec5dd9054d341fa2330a96401a123ba43cd06c1e50eb8c8d7d0e5b6f4918775948f38c0c2d8351111b20458984b8a835affd46d875838cfa303cee004d7dc05392ef02bdb65897798bce4bd8da4a90491aa3041305d359d48ce24d56d2389a5b34ec2d55adacd0b16e8dae8551201b00479208774608194db5b8b83862ec03a08ddc7e1c9dc941c0ab2848938f0a1e705dff3058f841080912a0459f0a291b510b80355bc24453348d400be89238005e47b054788e0377111fda984a9fb5334dd5bf1640141c8d6f37c60d8c5e058a90472940fc9825e0cde10115adfb88cae04beb3f9425b79189cc0bdd1b938411ebe2e6ac35ebe7882172697184604734887341d54c9155511f4ccab7554b8009c1ce84653bb39aa18c7d74004992d6243091e02950744a8463d1b54401484862de1fff06b3466cb2dd9ba82318086312007c6ebd6a45337da22142fc698a4c1044bd000a76c07f78a487a25c341dc3aac94339f32c1c6a0074b2836e228047a60cb13a6b145a204728cac42f8e13d66124ad000259d851a860df97a8531388500a851886d27aefa382d6207dbc2ad7bc15f3ed608c5ca8bbde9e4c569cbbeab04a7bcdedf0d43f97ab95320871a0dd6e3ad1e511302332085e509acc26a1a4e9ea507c9aec41c4c4cd4e5c9693aa7bb0219908531788560166640e4556346e40d8ae2903882bbc80b2770238da964325b445b230722d56672f9de6ca04659b0cc51266516c08053e8bf9a04bf4a0e17d7351c7940406d918132da98c11db23ab084ff75bc2a0aa0657c068e2ac0a768fd6660fe676d89da8f0a80cefc4d7e54662e10a15738aac5444d8eebb75a424e7bce6821e2534968cfca6425906e9ff1e48331e88200a8c93596b30d529faee48bf8998a55c9ade1243d7210e23860309afe2e470a1e3378025968079015d4300ccf549885d64b67453e8980ea0b0100d17e1b4085c881a3fe1a5898eaad3c0204300304b0047390853315e2f6b9333ea8a36cfb3c017a6aa8c09fa6094d324323213033e443846986eba8a9031a920449d09d3395aeeb13230c98bb541ec1631a2145e982e939c5892e5752f918c7462cc8a6214a38d8252eabf0242a6d1861871d3796e8b35f0a3e3462426d2187c63e6dffe329a64a2087eeac3ffc7b52c8950ffd506a25740f9ad80dbd9689def6eddf96ec0c6d5a4e6d35565397f1f2258c361ee6ee8fa200acf78936e9a6b13e1580f529db780bac576094eedee61581118dc004643d0a912c6f1a638d715660f9503ee07969dcf688d81b1422c66f32cb861ca004fad386d4230fa1710d591080095c6e8590045940ce77307046a35b9b858593f3a25d79f0e4032de44dc429844095108474d5f02cd50891b3d98133b6951004d44ccafd858a426071bd7b82e7a600187aef3c3a821bcb8beed2f18eab848a8e091207e0b4369789b6aa1fe21b2327353390cef9b8023398f0532c0901b870c8b9827b9e72b692b8f631a273ca5fff5b868580f25c1716f397728402c21024316c621c0a47b8e659305f37d74f79d815e162a0eed07262cc062f8f12c6de731a7b9cc8fa5f4546732ea8027208a8588c6e44771e01e8cae48ee83af7144cc61a57ad74b6128055c31220bbcecd8d85806201520072505f924b9f8f4dd67470d4da27484c2738f4561f2d9fe1df72931c04aa034ce8538fed5847d03a01908442a47461e308f8e8ac3150f65c979a576709bb7297e2311c33485f58984c4d150468f8f67648076e308777b00401103365ec935483e596e083fc8976c4128fbd708d6acf9313f43a8d205049c801c74d0734dd96a37a0927d03e19f071590389bf2c203c6d7378ff1f0bdf952ce962ff9e51b4584d5f6f3e535c5d075382f69a98e824ef02866ff8e3310373509425479f8fa08123e8537f5a526d88975199a906ebe191e89896e81691e7a9c752143723972ae02769d4005998052760e9795db013920bb5f208332b202720ef9c6727d650940040f756a9832398074b8885760854cc1bd9df4d8500900408568d50494c408a7a76120ffe85894509730d11021ac886662007d4fbc41a0649764065eee578c5990759709f5a517b6db2f035525658f07b47c57a0ee68690ddeb3b0bc8d7101a907c52fa9207c2817b57d65702e423a73f05c527fc3cd9f9af71fb3c65756ecb760a200741c655067d8559106705364b1618031ac5b7241b6ae4618efff4a180c47c85d017fd37a10056058074a863a13d821c60fd2fc4ccb8a34ffa4c87872459f2984a39e686fb3c26458593b765096d0879e1c718476842957805829275dbe8916cd8fadb142c16e81d01a00704b05444488774e87a91d5d954d8bcaa04084702e8d1e022840bc2840a131e5c98d00cb97500264e5c77859ec38c1a3772ece8f123c8902247922c69f224ca942a5772acc467629c8a5d243564b952481d1a4724593237cb09c5a04201ac63f14a50971c02ccd459684692a4148564c91a23888f937512610eed2ad489136d18c668b05429470e49046b82145285c2ac9841d399b169f72edebc7af7f2edeb77a18059435f911350e52f42b60addff6232232007850032f86cf54a310e8b53942c3142f0b18a1933d9b25992954e10063e2c3479956b99a29357a9f9a4d3202f47b62a4d172a4e5847808ca1b3b2212e6efc38f2e4caf7d6790214806b27829ecc3bdcb7b7107a0228154224e3aab6545bb5ba0eba0eac866c18776beced3b7425ef3264cdd2e6a43c80ac955f9b8f8d410639666543431dee21544726573c47d12b922cf72084114a38a15f026040d45099596286818b19149210d8d1600625b0d0f74a565dc5b1df44b10550492575d9349a24d95402cb64da84779e51af68c3428afc0d15166d1a1442812447e8c6961029bca38d507c10472195555a79e5953414c24245fbad83012c92b0e7ff51871be1748400145cd18e7842f687813c956094519922d5418f8d678d314b6adabcc2071fafb0c0a29bb0b1c00752f250204026ba71510725e97019d42b53627929a6996a6ad741956020d18a199e42c1801fda949d2414bc33061fa9144ad13adac0a29475c74952c96339c802160b3f6685dfab131d131b3432bcf38440b08025140b85d4ba29b4d14a3b6d42345082c18231ad23d73aaf9c628825cde450c93cd99841cf11a16592c968a331c20854f14a328f0095384201291ab0ba60a1e7bdf284611466930325b1fca8e38e5a111aec797c6000a5505ab56329b5155b7cb184909ef24a65415674289fe99c12cb3be4c072c53bef20a2b206b1b81cff4b17e69c724a175d98060d1fda2cfc9abf47e6f02c95d9504201254523928a1348ef1c6c574a63e020c6514b3db55f75a43ac6732b9237541c9a249d0ad261230d16d25e9fe784d9c7307d5e2a2cb453c8cfd39a414164ae325da813398f9103d57dfbfd774a4248f204b65d2e7df7da4e60f004dd9428352643c6d5c95115963cf1842557e87c78b0468d51482693033e3ae9560a11013e25559183259421fefa906f539003e41c894ee55b961402cb2bb0337b0ac5a50b3f3c852abc5003098114f0c2326c94440134c0fa5ee82c853c5109f10b595b08f7f20806fb2c32663f3ef97f09c14806ea3c92080a4428e3c507d82c40c3edd5e610c02c9c4f0fffd33a82cc7a4dfdfc56873a00f01a39900739ae7021a685af7c0e7ca04dd8b0803368c106e098c1052ea0072a508101e7b00631cee0bc9254e209f290412cd2211efd90476db0228f56a0730c85692d365d2005f7a006c18edc2800b020872cf4d7c01d12b1881c29c32f54e00d1258201e22b8c00d6ee00217d8a2077428421620f08c1794212592a882240a218f0098a31da999c52c00c527418c211d8838c51560f1431fca03168680c591c467c49064e36441b40c0bf4b8c741eeb00eeed8442394008e6e44d10545a0031a22e90c2638e3017a68042f5681906ba4648075109a25286089518692689490d3173da94a4f1292240364042c48768a4105c5ff09c16b252e87b70a155c221c7b98c139c4408534a461053d88e40a92994c0f3682165de4e45ea099cbbe34851e1490472c0401145b4eb39bc213472b948102089ca30d0f2802278a904c3454a09dc65cc10d66f0881f78f36f75a804362f52cf7df68d06c4d8c3394ea087360c130dce68a7330e5a811570220d2e38473826a1497e5e8c499e0c2045335aa579100202b7680012da608062568013256da80ba870035f9c4304e5000646352ad399d29423d1f0c4096eb1852c0c330d9c3029270c60002ab4e106dd80c020b49004e7350427d22c4e4c6b2ad5a96e2a1ad63046372e800423d8220d062882576bc1801378021d16c0022e42d454aab2b5ad54ffcd8428f6800c1e7443986d600003c420865b78021b24c08507d8d0a18344d5adc729ac61138b1238846306d230050f82a9874fd8031272a801fddc3358c572b6b310fcc536b061836aa0200a9d584201604003fa79a826d0ccce11305110cf5209b1b4bdadedca508605c4601aeef8866e47e81136aca209263041289a20dcbe2c17b7ce7d6ed5662b926bf8c00404980311c261016fd8b63d0ca101308a11811041b7bce68d101bca31870d0413097a18052d9acb1221e0020bc3504235a210881a8ce0bcfefd2f627c908c0dcc400c0f70411b4e400c4cdc85b09748c6016620610880a106dfe82e8033ac6185ace17d27b0c515a9a0874574112f98e8c5ff1cf690852c88810148408744372ce3198f641579f0c209b2904c2654c005e858c0a9104283357c000541d882110e4c051778c20e347e329435c2060e98e21c3a9ee40a5c300a6f34980b9250c60c2090645b74d5001700c31b301ce53527d603802043371e50813b3081135ae6b28989608a0f1333997646c2337ea16636137aaa42e00019f4600483f2d805a5c0f35d30d1023278c1c0ea5cc142d3708b4e84a0d09efeaf9b95a1870630a1d49ca0823dded06521a8a017d2680312488a861514410c7b08445a4df5e95dd39606883ec7a227c989368862a27811823792718f07d862a1cea0b50bb2f087490c81d7d6be6d0cd86b845233a1086d084489f3ff22041f54a3c064fe69118af08007a0e30cd77e3767d74086733c800968b8431ada608371f4451c89b807126c916eb0dac2057a18c404e0adf0b6aac30b3ca8b741d340055028a22f55d88417083af02274d505f790c3c2432e5575a0c0171077c650adb18debf8a017f7a0c2c6c1ea820b28000a22bfb946d5a10c93dbdb19c30ec2ca99fb865188c10569284205c09a0631cc600d387ffa3e8b510d638881d62bc877146831e88ebc2112bed0aac0315d8134d8c30e5b873adaa7768450248208e7b8811eb6e08950e0023175d0c1004ca18707f8d419ecbc012a44c885a7a6bdf00ffcc534c2a90c22446111402ece2122210d310b950977b8432db6c00aaf411bbef33bd48e238616a3e3b0411da4d543ac55c1d01bdc031daa26bce763efdcf3c123115fc8c203186a801b9c40014d903df0fd8b77ad12d3005fe846386811fce593eeec2939442206d00d168bc11464e883cd99af7dc039bf244228c007a471826e9c431a8dc00161b7affea875df24427843391a010e70a02012b4b806ecd7af7fa90a810d5098862b70801400c3fe15a0011e200226a0022e200336a0033e200446a0044e200556a0a705040021f904000500ff002c00000000f201320187040304848484c4c4c4740e146c4e4cc48892a40321e4e4e4c8a8b06f2331e7c3c19c0422e7a7abac5054a83850ec8a9cbf05293c3e3ce4d5d9ecf5f5a4a4a48c1327a4132e1c22146c6c6c8c232ee6b8b9e99da7c6bcbef8e4e3a76c76f6d3d3af848f6c182cf4c4cc8f1435d4d4d4c49c98f49ca9d9a8a86c364cf4fdfba70739141414bc0f335c5e5ce8afb38f5251f9ecebd4999fa70c29f6b8c1bc6b7cd4c4bca7b2afb4143534282c8c0d27f7dcdc7c1931d9b0b2e5cccbcc0527a894905050508d1b28943254e8a2a9150305e4eaec842529a7153c911c35bf0835e4dcdcfcf5f6daa0a39c0b26949494a45e60946a7ce4bec5f5ccca995b697c091ff4a7b0f992a3b4a2a4a6777ef49db57c3440fcfefc9c142a747474802d402c2e2cf9e5ed9c5461faedf4b40b297c1e30810f197c3d4c040a07c0ccc8b40527ece4e5e9c5cee7a8b5be0a2a54423ca81a3093223cea9eb7d4b9bcf6d5dd9c1539f4a2acdba9b8281c18f4afbcd7cdcf74525cc4b0a8f4f5f4acacacbc828c8c4e5c64766cbc7781343434a8506484444eb4b4b4b694985c5a5c7c6264c792a48c3a3c8c8c8c484848dcdcdc942e44a85a709c7a7c9c9c9c9c3b442c2a2cb47284cc7a7c747a74b40937b47984644a4c845460443639eb96a81c1c1cb6adb0140b0bbcbcbcb89c9c806c68d492944c3e3c940e3c8406349c25449c4a588c3e5c6c2a44242a28cca2a1a4666cf6969faca29cdcd6d49c1e2c9c1a34cccccc9c0a3cb08a98711e2a646664f6bec4545654d7bebd3c3a3cb45a6c6c122c99062f242424e7b9c5cc9ca9e5b1bd93545ffadde5dbb0bfebccd67f2439d9a1ada6616ef6ccd6811029a4727ca40e35c47274a79a94a91a3eac7e7cfca2b4cc0a34e7a2b5bc7e8c844a4c845a54f796accc7e94ccc3c4cc8a8cac0424444244ecd3d694142aac142f94223474182efcc6ccfc9ba374323c1c1311c40e34646264dc9aa2dcc5c4940b24841a2bececececdddc8432447c746c843c4a0c0b0cdcb6b4ccb1b1944b56943c447c7c7c2c3634544a44bc8a8fb47e8cecbec5841e3400000000000008ff00b7081c48b0a0c18308132a5cc8b0a1c38710234a9c48b1a2c58b18336adcc8b1a3c78f20438a1c49b2a4c9932853aa5cc9b2a5cb973063ca9c49b3a6cd9b3873eadcc9b3a7cf9f40830a1d4ab4a8d1a348932a5dcab4a9d3a750a34a9d4ab52acf25edda894961b5abd7af6069f2e9d3a5cb3d507c96845dcbb6addb8c91beac90b74210ba45dadeeaddcb572f1f277700081edc0908dabe88132b76da6e51a7c190050beab3b8b2e5cb3d9744fa15b9f32e5098438b1ecd32d224c173cf0c562df8cc2e4f7c08aa254dbbb66d8962360b96c75bde6edfbc057fe933fbb6f1e3c809f2890b40de19df9d9bb3062048c096e2c9b36baf3cbb5084df9057acff981e198880d8dbd3abe7cba75037e000a6af68d1a51bf9c1f230b45bcfbf3f58317dbcd71c74bb19d64824bb44c6da64d8f9e7e08349a9b5441f8c7cc2da74f23042416c073017dd67023508e1882466e61d70c10da6e17e021d100067cfc5a7e22c229668e38d338d25886faa4de75a1f1314044b178fc9885f2e07e0a8e4922ff141c18ed241e69a138d18c487002d1008992036a0c7e497608ab4c493bf69298813492e91d6756ab5f75d74111412e69c746a342167ad6919412407a027c6044ba4c0476ced388167675f9050e7a28c3e04e02eaa39d79a60bbf079dda013a4b5a65a24103929648728d1e8a8a4162440045a4216019a020d3ae8755c6dffe12a2887ac10dd2f7d7859eaae74f211808f04569a64ab83aa899eb1b216024474d481c6ebb3608a11008129cab34b1f2c1e54a38e174276810035422bae83853e86617cbb3891ad410d16e7e2a19fee72deb8f4ae579c9a147c612464e90ecb9088da60606b7c2902c08875e1d6ab706d6d3a16dd198244b26e43b3b529c02d036b99a1a20b778c5c6e30a62ac822fe3ed4e675b282c248aaaaad409cc730d7b61cbc90fd12c0b012fe1be29a02b543e6a7cd7d615dcc4463b6dc69cd45d649171ccb46111f07dc53a4671ce85af4d57c01d6dac082d9dc3444352ea1e62c184c5dde2c58a7bd9718874406dd055d54c966880825acdca0a0e492677891a8ffed775b8646b7c22d685f9a82dd7427545c7b8230dbcdd07f474e15561e4636dfbc03212ed15ffafec65a249a4b2e7a506a8ad14e2101ec926a73b91c8672a0a1eb2cd09045f2c6dae3a3e78e941a140480410b82cc159d2014049979e215892d1b284040472d05ba470fd41207f47e8b5ccc12764fc9c5c56ad1b13d47b20ad0f2dc22b7f4e8d79456238bf8fecbea4003d009061c2b7f3cf212dd1b9b121868a95a2791b05afa06b892eab5ef1677105e676c1799d6c5a6624edbc8ab9c343ea031e21e7921a0065142022774412e052398941045818945f0223943d91666910b6afd26174e7002050a77bf0dda90226a8105051601844f642f7e0058c105ff04d18d16584a5607011f0a5f27ab45c0eb39d079ce0aba718f003801146250e10db7e81012502012e8781f64e0a734bb2ca20f8598459a78f611ec4c50656e23e30a22b0884850a01002e4a21e05920730fe620516ca1e79ceb0822f5cb00f2468c7a062159bc315247614abd89a94f0a2d590113f2bf8c5c828e0ba3d72310f7d0082027f08994e08e210f7888400fa144148e21089ad12480a3ac5b57d91521e9dd8451d0b61424f466f09b308502d49b90253e622003648a488b0e34a8e2c8104f7081e294969b33e80021679f4e5df3840815c98ed8774d9450b52b9ca66ae046a1440c7172e394dbad82512a050833623f7cc3e4460943faccb382940ff823e79098234595c0773f1854eb0b333e411cf1716010a5169719e1ee343305776d0a001e11e365082f11ef9133e34a2104ec0001076f1c78a326b7002f81a4417360b0aec6298cc32e52d54d9887f1e2f9b3349a140c4d0885980b40bb9884049a7d9994ea0c313a0c8432f574aaa7aeec2a0cc628d3c7e0184002072a95751a14e07c28776f414a4227daa49f1d3892fe46211ab642aaf4e07846faea6668770c22c14893cb1b1512727735aa00ce2559f2ee2162f1d2b61be008f593854ad8be243072741a0fbece60b71ad2957ff54944db14b211e451df0a04ad4d674e21069456c98f8a0c36eb855417730e25c1d79a94cb1d19c35891dd482198016ff3cb5b3a8d9c52dae295a264d080848b365cdaa2a00133e107643b9170ebbea534b9856b05305423fe5d95b12f141098b30870b15d489165c35569084ed4d5cd90e12f40103c113ec27a8aa0d5656b73f1e8d8469a9c9880014d74b0f34da470340d08ab26605ab00022225fbd0f7de860fbccb8518858b9a6e04001407f01efe2a831ea809c009c0836999223309461ca2106ac0a98147d3cde0e2b33593e80228e87a9b0691d606f7b8a763b337d50894500c221ef162bc8a0e0575e617b9a000814f681c0bf370c19dbd430418918b3e2821c73ade0b2519513b98aea0be73555c76a8278048dc227833a6f117808026ad4039ca61a1405bc323a9c1fc02ff0336f0d75699389a849597025d78296e09c388996e14cd6d514b3bfce8bcf148e917e8e84311f457acedccf9ba1756709b3b3bd55d30c2094a500356013d9542a9ce6de101c22266a1ab8a092a3d6a2af016da81864860200206254f8ac24cd55cdc830430b82ba7a5a2847b207981f8d86dc96a28debe303344ed2a2fea80ebbfce5e191d37dbf554fe828ed312061dcf20c1b1e6ac9d7649d84a07e8721780b0ce3defa6305dc0401e5e25eda51cc053d99b630048f0e7333f48443038404bbb10810b08768c8c28cbbab3d86ea3f45ac36ec6401f86d568559748b956224121167108415c20ccb70442170240c38203a5502d985a14dd7c0f34c02073ecffd6ab56e90c219d520f0d7de0e124107ecb4ec030831ebf4aa7cc31c649779702c37ed65e0da206892fc2b62726aa3c22d005b4da3be72af1193a7c881f0c7da10b02f8f3b872d6f09e79f11eb948afb9e57769c8415d26949426a88348666d134d4d229a2d05c0ae76dcd28511aa2cf6d935a286425802aa33fe858a7b79ec46713b21b3edc33d36fb3066f1a61b4e30fbde53d2872ff05c84e1d1e5f990bdb076d94dd9f700822038abf44bc366f22769441ff416ef20e3acf30bd1b595942080de919be60b3c5327510f92776b978c6f5eb1ac6c0a5022a70d6aa08804bffdedec3d499ef71b69c42178b43a798c8c7b35d45ddcc3ed8443945be95f7886fff0a19f112580a2c7f8b15c908b80d876cc221215c77d7822f674f21fc4fdf7602ce62133094b8c5fb4ee470118a0670b344cbfe004da507ff63710144065630470476460505308a1f70bb2b63a85148148010b02505c31437bcde36382d15d7844377a373adcd60e02700fcf054418720f1cb0693d010b7d10469d205727c824b08001df8750298606f9255ae1423da8e380d1412d0b250027271479500887f047a81101b9a2304a006ff8e13c0e460285a756ccc46ec8670975f756f3872604c713ed700085c008f8b05dbbd07142a70d212882f3c14b2977785cb43810072b3d030afc267fcd31326e871399157f22d81c1b222ee11687d171012d701e0affe84900351b9be251ab6781a474069dd00d1a281362400291c00882600e33361de8a052a492070378495f700fa4763cf6b3529a33745c350b8bc0087e280f0b455d31816014006b15e51cb8b32b6a702a977406dd20641c35796da20d96704fd33438b07000fb91839b7386d8d583d3a41abfe02ca4d208e4865084d10225b88074930268d80550b21b8e556301000b295174b5280850486333d60994412a68686df10137f3e22af6278b8af589fa584ae6238319d1558dd00546384282a434f7d82879c00834131936d38ab2a248d4585d15d30ea01000a82286b9d70541c71162b008b940807b8681d0c3286a000a133946ab92263b257bbcf78a16164d15ffb502bb102aba8811627000ddd76fe6868b2da04e2cc308383727a0003c3f7406029624f88553190989d9e75114d00296784b1180015976118d1000def76f412408aa2500b9304cd6c78d61c201d8b84040c04b2b478e754310ee578b03391857060f9b27116aa060714446cff10b17a44a8a74001883286ac92401830fd48475b1e12ac63295ef25493aa58201b032445517873057a6d3103c750b8c9020b88589ddd00591a04699d2228719195f9098384239ec848bf3162229f027fe28970e775768780bfad778f8b10b40900b8d8863082106a0009a2cc360a8f10546040a433610ed60856ee69a3792378de3789310647bf9880b08417c90074ee04d0cff79494c7718d881251fd95967f00bba255758d50e52f36372c22402b02cd9330933d5950a21999ca66b4520008bd00d7e3846e2041a62c387a24969d9894c8d2083ed000f6e7501d439224b9086ce6339402064dc899bdac257a0c0431a867176710be8908ed94855f770550e019f6e3509130a2127c22cc1a7751cfa1107000a968092bba12018474cd9b90885406076089df1a9342fea20a0d00dd9f30bacb8a1351a114bd008304665b2967e63672db71079eea5870cc1a29db102f35922791000c165397867904f6a115b358c8b800ece1825d9f86301a7a28f143a5eca6147ca1ff08070abf87f698a12072071f7c00833578c7bb31b82c9508df06da9ffe628455a3379ea68efd739884232a5f6a728e151a01052b0466940c65023694e775a4a61fa20cc73790ab20a016042fc89a99aa36c209a4f9015798bc62e5bb810a33a9d23e2098c903d5f10008785a92cb138ab26005df06bcd81a23374a9c51711b92a182efa207c000a26aa348b2037af28ac27212129f44c97d909e251482d00aaeb822c18f1ac0020a10fe21e64543e4d736adada12ac658e138701b7609a73655313913062f0a87859aaebe10909faa5e880301316af2b914267d808ecb79f1a81ae2ed31f4be092913242f200041c00065bf06d08bb16d1e9569d10a9b63116e9c990a4d0076a30a444d1aa72c907d22919225b1b7d30b0004004abff1131d3a8802c9b11b7dab10df1b13f16b3a3d11e8101194470b400f0099bf00c3ab0af3e0b15ed2030419b1e0052ad041a094ab0b3093b974fdb106a20b591b10a428b19155ab29d810f9150043ca3b52891332adbb505d10eab0919add96d7d20468e45046ee0093070386cdbb63409b70d71002d00538230b614e6096bc82c44400aaf204f1c8b146123b80ba1048a3818d5911c4b60039fc62c11332c1216b9c9e555794002b0a00468dab524a0a46e930ba6581beceaab4097397f0bb81fa57ce8d002186055b310629c47b9d72100341b44a0731c13dbb9d13109d7aa2b4e2a1362236885805e25c51b994445a0906b2c46b9ed5141e1f190b7519f34ffd709f7b0a82950bee66b14c8523d87407a4a7308d8d2bce45828307501004b1bb4c235a922be2450be1bcb15a23b3d29e033667b846f09bf0b9890abb38dc6a10db97079be61b3824104386009f476be11b25331fa8cb7f0ba3e0b4cac171920c2304bb008b504c182710785e5bf2a7c14922800e8f08baa81b6068c7a6d92a4d101046e48b6025108dc3b18364b0477200a35c007e6eb3dffeb1382b608652a48c0810e7bf9b46341a9907188b43121c31bc138200aebc6bf1bdbc54a4102d3676e11f07c08ab1607e0304a93c364db07d7b9409047be5c811eb172c43fc101bd6a6e935008b53b990fa50d616c39646c199b7bc541940f0b3701164cc7a4ffb305f63476bf40c5c21a776c7c2b6acc1d0280999d610eb9b007edc0c503a1c8a433c9e6f60b1253c6050103683c460130c35651a1b6782b808006e58bc8ddc3141242018c39ca0114af10a4162cb43aab50c93bd605f0230801d00841e2c9b2648245b138f94254e4f105e3e88a0bd1267b3c4092f8cc9d11011cbc18a21c19c61c615e2c3b8bdc2a2e05a747a825f2d2a15ac672d2a653ef66658bd09397f10a6dbc25248310caecce443116ac9b4f6de694a63874cdea700e8b58a9c633da70c7149998d72c14edb1c4924132470ccad3731d76cc234c9c34e24b5dedc2445d0503ed2089b13862e8a1064e705a6d78b088e109039cae015004163c15d8fff1cb4aa71ad7f2bf8dda089bea04417a1ded00280efbd045533168d0425fba08a9fb15dfc6072f7c2e9db0c1fb2c158dba0509799793b202a5c8d2b2423d4e209193206ada9615057d5906bd47d92cd10090288841705c3c28da5cb382610ea04537ac9c19ada22cc9e99625b84cd0593900f00b84937273e9d744bd7502d10860bb1a2ba0d48a9102881cc785909572fd090450084b288bad0cd49160b545f596fba1af42720bf91b6dd53c1007000b7970001573d85b37b309fcc47ae1bfad22b0d1c108bc64d14e21215c01940405aeb3b602617d16b59a169118222c041e82d102c27c53dae004243a6a4bad412ee2562bd005d3ddca44cc154b70059bff00c1264c3cdbbd1701b808e9760b2da0bba98406231d4bc6f74c1f1c2300601e3fdb07ebfb1c17800e70b952b3c0d05b6291c6a6165cd10eb91c1938f0031d3037d9c7165d75008dd008d2e8102904c6ab132752195ffecd3a1cc0d536e424455b1edd1c68925808df3455c0aa3cf73284b581c02394624905e16a700031eee0b5070f11407535a32ec327497cc1adaeed122e8281f790dd9b7d1d85b0090b8401b090e2bf6b1b005528133955dd800e1bd73e0170e5e30666471837cc0c777b916abaad14b3d0369d2108cd1d68d7e1098d031d36fb099b998cdcfd16d90aa599d3dfe014ae21f4432d503ff0fae548841507900702000a855008846ee885ff7ee884de4f5a11e69c88cb7012e26fe10e1562c244f009f9a0c7c9c8e15f31e713119d30d5a36b0719f47ddc6e61cd56ad78e8cd08ddd0eaaefeeaae7e0ba954088974d72571c61f8e1fdbb31862c3016663b39bf0034b687cec3c3918a15379534b794e63932618164ed8676d15720c0b010aae4927389d3009dd90a502d00865b8138a0d539d3092722e102490a0362b0fca4be4c62121ed118762e9589d90cf9cee15ee9e07c70acd8e974b18a04a6ae0e82a519f8eb50bb6be146d4201cafe0b8b10ac26d362b1629ca23476d96318cc4cde586268a23e2933365573aa4ca7ad126331bcf2d002347aeaadf2cd23c8e54b14edc6069d7ca8e54af70b9dffe05817706b7a712f07d0072177a5c42408dc2e83ae0d3245750f05bf149ef04d2bc0952c2fad399f6706e51cc12129bc5156b6760b513e09f7804dcb642c452f88b4f8a63b2af1fb6e44e4bef41f5104a93c18dcfce33c91073473dd676e235d557b8b700ff060096591f756044f3565968d051d2b0043a02000da300b79300b1cd00791100931e40981a814282e104ae00967f980627f4b93000f5aa86aae1d356ec50865df164e3269f2900b71ff9a13e0e02440020fcefa0f9e15d01938e32998c1790887900b23f5055ff00bdade0528ab7242015063faca0c19348270fcc87ffc5fa0fcf3185564c5958fb9e0275185300504a1cf1602f0cfce3e856cff8f1cb39107850b4ebd613b5a5218d37c14ae32ad61942a0cd409974601f01ffff2ff454e800e54364c503472824723c00f105b040e2458d0e041840449b49007c0e1c35c07124ea458d1e2458c1905f2a1b0e221805f8b246a2459d2e4499429112e618971c9163e85189df9d8f0e34d9c003a8954d973e24b8a4bf8b4db22a650ae4e341f2a6dd8a945a1767ca4a6905ad56a23504e6eedea248fa6bc4f2b943e5cd545c09696307d6a04d50da7bc5b44d7cea59b1156805d3601acb8d748685dc08105abe453f0255084ed2844d09bd3f143b879520c568978254ca91418d994e71500e7b202f84cb6281556d6165cc736d4dba9cb48b4941346fa85f3ccff21d8b275f72cf445af3c46680a0f3cbcdbf871e3402d6f51e38491c7a58fdfde22813ce3f2842fdb1512f4f54ce3cf110290285c1c7171818887ceea1300486d00dfc70210d487cf92c9d865b70b00fda36bb9ac13b022314041a73387ce98c409180cd26f40082374f0c1070fa0e010ffa4c3e9029e1e9430b6d2043810b2f95668a18f46d2db48c5e5cc1ba89d46040820028f104c501e74c88bcdc3c094c0003c007639eb4322059ae5961a695a01830348e3b14828911b8e38fdd0e363964518e96abec7e4294b4710a354f1a72d48c0003aaf1afa0a9f001a216d4ce508b20c3fb4a4d2ae8fcd6e7ce897be209ce5909c1849514c3fbb9804320022b0ffcf41421b45aec59552f86b8b030a09a0856e0499e402733af1f4974e7ef92202205a584434398bbc2f4c8a0e70e250c810ec04080a243a8c255cd1d26fb2d1b6988caa09262b62b19b5863a410fc9eac6b095018c9e990411d4d6e8b483a417405ea5652565a6e2bcb2ebd29613a000d4f287062917bbab8e79e0002582492424099e580e1d08b908f0366d146001202a46816203a03ef975b3c218ace1dc560098655074ae1618821e623d86053b090b10d1739f84dddf868eb2d26bb354e0041f40460120ae4da566496ef1daa9d036296392aa9886355c0250ed0c6892e0e618491160298c55e83da71c2da9bce1024803c26d8515296c020e6830f74d0ffa103c42286d8d71426186d62aa34034f9e5cb41973b7987601b98896655b045187181972e5b6ebb65b36a180daee1e202ef04f9e0b30d0265c83f23804c85fba88b6e12560e840195c84e141036fae062ae25e79a56a34d21ab907e98fbe58a4bcddb4a30da715ba50e3ee6539c805bc335ea39b75da6befa9aa2d9488444bc75c8bd6a098f041bd0550567da9de0e4460838d2136d8c085713ec01562a7ef93942aaa60bad3d9e8c886c5e6c1fe82a58b0c1d5ac112b66df769118fbe72e8170aa69c5d7dfaeb0fcad5bca4132412316e662e0073e0e41791d8584b26038339080319712007279c3703650885730f23dd7d5a82183190c00982e0ccfb08c8ffa2b3d18559dcbb892040313ffb15840f01f84d7c72f1bb14c650861939c022bea0a1bd6000860321c12d68321f20cc6245a3495607d6808c0dc4011bd8e00427d8800b30c0400c12bbdef1b427a9afe12b12b9c047865a308bc2d46b5903a9217c6e928b199a440040584a4326118954a1308d736c9b5028b00b2ee5e40c401892413ed6c6150440225acb8f3134900e4e2cd1041b60021334c0305da1e57a0fc3d56126988222a0c1861f598513e835948d10ad27cc7a9d002341383afe84853759412e84984a58cef1250228657c34742cf015c509667488975276490a82610dc5884313b1910513a4e304c058ddad2a0983c681410cd25458d77e95823cffdce2378ce8c314c520bfb9bc440c8be0258280e0af5826840f5d3065ff52954e78d6ae8648eb601b7fd88d421ce400e48b0e00ba31240a424c0c6ad0851d9091c8253a0f198fac642575e00e6fcc4119129d28187a05363ef4e1860f59411037c738ba90a0961f39432e50194f82688384bdfca2a40c835298b62d0f0cf90cdc3e9326877403140769561bf7720bbf700d734624661cb260056cc4c1052e1081149fd9810ff0430333c0830ba8b13c3c8880186210c304bcba05cf816e2f5da80e1fba2ac76f6da137391144fc627a907b70e9026d62549cde7ad728d132413804002376aa420a6cf423bff0a4f5b466d604524389d8308109d830032940f3ff821d90421418c0066ad461030e741e1b8c11c589550f14015b8a200a5bb3939ae430d5b24d0b56875782dc036e6f3ca928617b5b9c0960a5f1015282746a10182c42acdff1ebf5465331a87500186c582c27eae08219e8c0a9b89a83024ea058132093132690c606d2510c6f80c1ab4ea354007ec19af0b8754773e1c3d14086cebb36221738e9c62b717b5f312da1101178cb19fc8b9308e4b3208da0694db225c95f11f1253080850038c0016de4c11dd054e10c18b001132c7189ae20c722a9510c6310632a3c1c116480f0d730b29702bc7c886befeb0473cc471e2d48115af17b63ba188dc5df41ef4d026c1080a1ae4f02a122e9962006253402164aff500385e5c4075c9c2089e4d8306317c90010bb63095e7bd11d6f42d883f94fb502e903ac7c8c22dcb29395f720228e19e566dd28c112018cd54d81f4e38270a01b03d3587a26d9664b4e37844251000390915d2a63a3c39d05f1567b3590bb34461e5d50c24652eb923015028f24edcc2416715b58b091a4f581f3844258ea1c93333adfb18d43f04c1c8de2a43efee258242f0827f5f4801eac600003eac0dd45a6231d4c0031187cb55e4a01214301ae998d11d2882e88f523bbc8035ec5d0851e7f868ff795a06ddf896abac4c42d7a84cc0abce257153a611538f16bb8aeb923f4c4c93c7cf0862e787002266c6008d21882b037c0037e6c9538f909dbff9e39da9714fbe430cdeaed0adafdd6f6b278492371b6edf0a50d50c40b4ca7067760608101c78c65051e495da509c29f3b24ad05d52108af26a69c5c81a82576da4207dc51837b33af0e751802036620823980614e34c7df47229032315f47e65b309a60f5248f20deb51d1828d1906768199a13a71db0680f103215815bf44109e58179c53bcea88c624c431d2d5e41f6296d7958c24dba3ab2d48ca10c1d4491c2447bd8b153000318e8c01b0ad04014d4a10005f4e06a0a3b8f9324e52ac1b6b20fb939498bc2ea18b25d1a96d8fe48ea286fbf64816b5268514221d03109492fad108da8d94b937e76921ca00f40d8524ee4d1895c1402953d04cf0a44ff02b5857d200a2740000fa2300762606dde32cf4fe31c478caba941ef30e0f2b7ab823fceec8202ee448965baca0733956f4f79201d4ad5ccd1d7a4d17ad87909969e63fb4e30a20b4e2884361ad18e6fc23e9cda0145006e01840810040114842fd80520b084b603b25cf8849bb88048489fbafb0060e0816088016460051e58031d68a8676a9cc6311ebac31531a03e48a913b9208145a0915eb284cf4b897638185a12bff8901bb3b39b7562a5f49b219acbba9c319055e8adceeb0441c885f9b301fb3b00eed33f94b01e7c69048ceb03282c040ab0010160bd8318a181b18160410b61120626581e36f0ae0d608371508ec0930211e80129e881aae900ff2793b73aa908eb01ab3e68812f10422780af94989409280451cb091a8ba7e301b9ce0b195992937610802ef802197c8c3358813b1004a0e9824800857ed13c25a408c2b10acc78bd42e8062e59052d4c0f25100630dc39c5c2066a9801c9a22c7e10063b608358148619c08509bb2067c2c49712033430170a60b93d4c08c5509b7e02802fe0005d04bda2383ff3511c581203989985486881aee0ab90938715f8856e2042fa9b85b16b984cac0867631683e3a451dc0218c883e5a9822c50a22cc88263aa820983811ee0016440a27bdc807b8c837950063784a6a9a0204c4b0f312882a8081f4a611f93f90c4600c674e2837b688cd4d921d06b8459a000ff744187f7b346bec2c65f30400c70823ee097830cc7c0c8a89229a142709a25680775ccac44b20257c0062b20871970c30fb837e7c130e73101074206a6922e68aaa296210174289f1a8196785a27897446fa590e1890915c98044ff10c1b71448e2c375161040c58843ee000586887b420091779bd526b8748703a87d885bf6a4912a006e7c18699b402ba34015c003c29c0b70d20870e73050ef34b4672012970c31a7c944f2c9186f805fb8aa525e88212c10087bc8cc22c896d110a9de9837b60840b0042c8f8057cf80241f885cdcc4adb5b814e98840868817ba03f1240c264e43893648ed3f13134000a3e688413689ecde284bf740165c0cb1390b2ffc62287bf04cc0d60000ddcbb3ada8209082c4edb8b43884c3a4a01789034c8249308390ff069c90320817da1807bc805aee0cc87e8047ca00001484f0128845b6044d2ec9250e9864398bf3ec883fb63bfa1b32bd84b0b5791b6beb22f7c298613b0837edbace7d12ac7b1aee6e94bbf244e57d02c06d00029902ebb018af1690c56bb00dd4ba72588c8cecb11d7b30efd9c083520814270827bb88516600441e804b12846531a1cb7d38645100473bbcaf724916cdcc6f92b04fb144b701938b5c8a552b3ab794a9aa87b11e1bbb718880126404e1de0aa0eb02ee17450bfbc529e63007ef88006611d944414d6504a65448814f0d08f4852109290b1dc91ff03c803f03c044de90406244fd46948619c85f40485fe8b805f18b91c2d16c001c900a0000e68047ac14f25b4a2dc11ae62c985eff90b3e38c357d4807198830ef0aa7600030578d2bd34812bbdd2c6aa03267001e9314b6939d2cf10b93eaa9dc6e1015d103a8458a56913306f9b165639b2ee7cd316f50cdb738c910b953e48408b484450e803e7001517fdd3a5c8c649e8865bb88745b0813c70cd3949548140558e7a21edd115c0eb006f053ca9f01a4d0dce5ff3d42be54bc04c07c15c5391b18c3c28a50c813a8a6c946bb2a614e8007a00015418067de0812e2d0827281f0774a764a935dd201aa150835928844540875dcd5179d0be3e8897255cd8ff42288448084d1cfdd3dbfbc843b807f434d4d7e43682500246ad0931a513987318888181e16380214057c0e4cb0748a49e8bacbb298e7650b5b758d5b6b9d750a00107380524308272788112e8008320813feca55b808dd0cbce7630d100c08008184ddb004279f88543a0000a880454112101e883afed0617cda3f7bcbd2f00020cb88748f08479c93f25c4d65e52ca7883b76b8ad4e173819d33d70625079994862fc4d9c92c9d81709ddec280efa92377d8032c28870af8063a40827e38065b300356c00ed9ba094f9b17d83cd81e8c84f06c5172ebad33e8842f6004af9cbb1519d2ba400328dca23ef55365fd8c6c140420b88577b1443500c7108d29ffc4e8cf461d14238b24a11a8d290dce4efdd4bfc4067e23c3c2b5d52d288257c9894e103096210604a0047b08822090050bb0801b788358d8013278827f1d0885ecbc2f688148800583150c0ceace42b8876e980473bbc6540d4274a08091d4c3cf5d8b252081af8d042708185e55568f4c5d7458040ab0c492bc2ded444b16833a60249c353da04d8d010c635ebf94497d235576add035caa3199b572801836248044a78876300871bb8813680803660811b8006ef6d00a52d88d98c0fa6481c0e509930994c0c22813e58845b88806a940e6c2c965b888448904e2299052788040c0095da8d955fc0ddae7ce03c18bb2ae1d01dd13124653917b18c6ba247ffe575054fb5d20f76ac1928d5e8a50c7b711519bcde46d1813ce00004c00433f08263d88152180316986108808024b88123f88620e085f415884638ca3a331f2070022b24528583913eb0daf241db1f628d4eb80527f0a446598e4a31179e01958d4ddbd38c00220c80afbc4fb39ce301d14f0a2e163b3d3534f6952590021ed04d0f7605dedc802a882e5ab68e599889b7400714c69935c8065e90840c08820a40025978037068036d86001f80804b508152e885544804fd108002cb892fe8020eb09565819142e80215ec25f9d0dacff8050c8884166c9976e8030346e225ce62d3c407aef44a4b4cc26f6309df559f5bbe0946584c8b580262b83798dd00ff57a04b8b368138880361d0aa63c61b0c322fc7e8032839a24770043818810ae0022e085f701883439e616d56015f3005554804634388207b0cdc5b044b6c0435f8260b3a8faae82aa026ea7650033528820368b013c580f7c8d1d4b1e41842cbaa65310536cdd415e542f046fcabad37a31d31e8e187a82f8d580230880264c8cd3a005c8b768576d46865b869db798914182d9b988f1c54d34430034156e99596017090813170e9431e833418035f288553f00362a088150312a5c84646b8852e08802aa6808bbdd88cf30428245baff55a2886e24518ed7bc000f1ec534f5613746ee076c80ff5590e2db28400b80725cee2cec4dd5b18d4422081def59fffbc29bfbb9900b18e9ba1d108613a016460006900dc8a9ec938b8aae35398d716889d459af9b8004fa8e5b450021a8083232064c28680346883c10e5f2ea88032600733000104b08846888400c89336fa0d6c0c1501dc85fb1e4002fc822f98845ff86f00f714176d628eec0c8261973e00e0391200f8ce4cbf6944d2ccc65d081a78110058a01753ede8baf8d2120a5b8c10036f1050067081e61902dd6403605803c6ab9fe361b89a5a0aa784106619841168e96d4e03f14e031990817528830118004970060490ee872e93a394346b445bdbc6464140877551af918da159429774d90508cfcadb43cd5ce84ab89565fae1f08f10049f15478856071e6080ffdc347135e7076398039688dfda5182fec8097310690dbf42e5d08641a8000b2864434e036ee00603688232c880066880518024922001f7b872db2637ce4507754970dcc1ad2debaa760085d256d1fcc9628f9c70fa9c059f4ee8b6c928b5a40f0fbf0885218635d080dcec35e8c2056520065885f3ba290e8f21c6bdfa0c16d46eb470867ea8802690813430800558871c280323d002020885115ef42be6121edb7525e7d815d8050c00055b4735f0eb822eb805dea9766bccf2c9b66c1f75cdba11379cf8820d3555c3801925e80179b79a1da6a376f81ceb85a34759af6d500423c8817558802658870a60077b08047dd8835b4b890368f447b74687bb05ff4b388bd68bcdc2a8a15b00f717adddef68e516b00478f96220fdea5a96939eba097607ee0f9f8076b81a6ff556588a09fe7a0bd511d11dd1800208032360870a08070768004af05786c91ac260f45c6084f37a785672b85cb80734680718d8f66fbb31ef334846ffbf3ea5d38e5c8151717227901743e5915a050ccb18ad75479600ce0e0f743e834e21c4f011f13b0376575318a8811f80042cd0876088820ddc9a0d8711adc88508d8855d98dd1bbd516c1cb991fbef0bb883adfc192000824390ed5988e0d82c0d3138002bfebf6ec05a8ebfbd21c40058e600def6ddb14fabb2360cddc289495894b457fb067976d03b9e3ed0f5ce73822817603971beff98fb9563d37dc3981827c0004bf87674c8f85bc000e557feca6e9751a600e34ab8cbb8fc8b5882693c7adf58f22c4f4db7b5447417474c7677925f230142ba71bc153a9a9246389340f92b9c2179c390fdd4d70f183880a336c8178c9917dcfffd0788097cf86c29587089c12d4b10266ce8f021c488122752ac68f1224687edd4b43b50081d1046bfe49d0160f224ca942a4d9e91d7095fb7435d228122a1a41dc38639732acc689067c1592d547672d2ee27c69d7c1612f4e9f429d48306c544fab2f257a4a85a1302a5088618b10e05536c2ddbb52cdab46ad746e473e02d8590117ead28b992e4cabb2b2645c8758f260935037b22658b101686152957ff0438c0f631e4a8245ad845292fc0d9c85b97cca9f5e8c9931a1d5290ceacf934ead4aa2d0e6e74af0523419d0054ce6bdbf22f41b9ba2cea53f3c052ae0a7932cc8cf0f8f025041b254e29af0b89d5d251b78bf46b253ac7d3a12e5197cccbb76fa5e279e8b1fd3cfaf4a73b2a41730f08fc5d756fd337296f4527418cd005a0006a9612041987d471a619a446008a59864174ea3918d52c8cacc498180f52b48418730c53ce0eb434d144195eeca38385259a78a2446a90d00809b374c1c82e5f2858df6d2d75f245372dcc2400090788415681644164e016ed2498d21987cc8222933a19d40e3cb3a92408284d36e48e215098710c3b327849053b8f48a0ff1c91569a792677852504c35b077421c82ebbd045e36df2b83449377e2d1249213c3672004e844925a893ed3871814a8c2c89e683c811b6442112aa24cf22682e21872628b093031d5eca100419d6a8c328a9a59af5505305b5f367238d2c924b8c93cc48e7a4f85da0df21b704b06721b3002a46aa4e36d4c72453f611aca9d3ed6450235d48995217c89eb8043fa81cd3cf111680e36905c710428f1865462564b2e59ed94e8b02cc12c017b2b6a4526df5d9b9c21dbfe028537fff35c251a03df12440042895b4ca2247998b5e715bf01189202755f6451f667e300c12745870c31837c8c08d0cecf4f3471ee242451ab9079bdc24ba24f401e70af2d4f7ffeecbf7ddb81f06bcfadace40c115044b0b2e0360e77d5d2871f276c409908bcf96c123ed831d1812469797a491c4392c78d94408a914e3285a9cb9d0031f38974c34d926f2d16a8b3630f24527493b47abc000e027484c5dec1a491f026843022887b084973c2d2c5a766ac51174c022cfa2f445244cabc781353b2091c625494c93040b5c7c53413c58c0a2dc5a302033452b988060887984ab8e221fb308d0c72d117c4197dbb6c58b975e9dd81bc121e8dcd242c327d909c02e46ad7e1a72028222296d0e63607089b08842460e6f40900404d3b0c04205651c8380044d897ce11676d4d30f19c7785bc242c7bb5f6223ae835248372bb40c37dcf6df57ffbbcb2b44008ae3def79484a5202707c040ed4cb20b4f9c48009918c037a09104ec41400516b085194e8010d2a865090820c40e463082652c6307c390830053d8a82d90a01085b04437d8763ffcfdac79f1cacbf056808146a8b0830fb1ce552a65a259e8810c4878c30493a082267c8310278081428434be892c01040940c211b2d88c521ca3163dfca2830ee0ba3e1482025d90e17ce87306fbb56d78c2c3dd4a1821802982b1220c990510ee728b13e50111e2f8061d2e21c81c8c4008b550436460b08f0a34630c10f00104b8e18b4ad0b18e965ccb01e6d78700c827818bb94027eef72e97dd1025828804f42e8916312ce23a2ac9c589da710542d862ff07ebc8410ec4110664c0820f634b8b18f6810419600f9269f005262aa9ca65a2a51d65a4c03d7ef1aedbade0136eb4534b3c293c4604a01079d00e33a3028a3caae40ba0502664dc118d781c8384641846222ac4c1c7c0a01a2390c118da00496e2c8012e80c2740a3c2070150e015143868242210cae6d1507838f24b243c018b76002ba01651822514679f5b04b068de60422bfe10060f68234024838c18fc80040bb0409f1048c3029231078bd2143d048d847c66b812bbc00c8777d8452e30e0843e70a011157ac83f4f96b085052f2582e84352d9d2010568401d3d60c8491f93d295b2c007c6a4453da250d3b19ea7104e70422e66653b1ab9041f8cffc0407f04d088f649846befdb8900c8b9982ea4b2445d99275bb62a8396faa00d301d063fc8aa58e92c21057988c42218d1895096a49470bbcf2feae6044fe4a111fd5a66710e700fb5fe0c1d7d65e6120a808466b421096db8840cca708d512db6b6d299452422e184452c22005dd845272c8bbf97bc7511fe2101b08042d7142aa70f56995221682a06d50ef67a1090c1025ea00bdb72173dede8c32230e0ca86aa043f783ac45f0ad123280a478524d0eb823a0ac625a8b4918f7ca90ceaa181eef257335d1948239c0057749096469695c705762193cdfa2aaa6762483bba40da24c9f78b62d8061c9ac102cb41000206900403fa2b62e43d44b4e89011ff79eb94e043048026beaa70a912b6853e044c254038ad2a530b07199ce31cd84b83011ce0821113393267e1431f30708b25a363bc29260a5067020a6df8886840c9c32d482b08015874baa7182c0bce910620db23c4453e73d7ea3a01184c00679140472e0ee1e427dbe713b90142cd6ca00dcfc2b849107642b19c8301072b35145a6007348e400715f822078350069a233d9d81b48302b9b87453e9ec3079fc14a2536e449f579890591ce2868c08b500e5308c7e94a21416f305153c705449d37a3b02c0c0218020086dd2b03237c2f350f7dc8ecfdab168aa625839e718501860421c545846c596210e6610a3d6d666ecb0db716bf83042d7bcc6dfbc26ffc18816b4f837b376d0b212c21cfe61009ce13c8126121082632420017a40e1b5f33d9d8e1ca00862041e8a35fdc63b77e1b81c41f56a9600c494e4c2dda0dd42143cf087540c83127220b4be330e1523756317dd8840819f2c8f5f44e0167f912b45d504993209807927e9060f03ba100504631451e800c235ae73ade4440d6d122d1022d08d39d359660ab68413bc099c9c5f0439a65142176a674e8c130d0660a0faceb3fe9422b42ac082f88220642370fbcc0dbd7c0acc52b0ce1a0a3c57782d2882d6e32e779f842ddb7d60c4243a71816f837b05fab945d2ff84b3953f441b4088d72e1a34f7c5337e50a87a4b2322157641045ae02ec90d7f282000ff5854d927321e0ee81372802359a6054c6f3cea236d1a3eb4285d22f985466975c3cbe7a90b4ed0d7e0a3d258c78b8102f850c924ce9dfae1e71b9d68031882758a241ae2e70b11e04f1f5e9ca6860cd46f29b980c389af7d7d5772558d5042236ef18b0b849cbc2ef9022300ef4d3524977c10710dffba90fdedd37ffb8d100028ee21885fac22efe5bfac9da19fed5140aff808c22d41a50942bc3042ccd59f033a603bcc8204ba4e34f5548db095deb955cda857eeb597430c1410d48e2028de0396e0034ec02c3c96acd88f6208d765adc09dfd454dc080ce2055b3a8d52f90a009ee60fd4d8000b81028440210c09efd8cdd1add01fad50c05cc029ff1ff041fe44117cc590ef22015ee600acc820b1542244cc21a398ca699d7f3c5152c0886c2dc1da2a0c424e86015aee10382421fbc610832940bd20a0c4659d209c068d5ce05a0121bf6210f36821bf681a5b1a07d3094f9edc5fe4d8a3c00012cf8a12352216e1d5462fcdf17cec6170cce236622fdf1442350406eddc2d895d7ecec427469a229f2e00150801378a2b3c0d193e94e042c0209a8dd29d6a2b5559a13dcc32ef01d9d5cc021a8a12d0663fdf14121f4166fdd43dbd1902034a03036a3c62913410c441fdcc33d7441e5d1c91730a3336ee30e4ea3dd30c21c02400468233796a309ce02351e42ec9dc42490a339bee32602587875010600c1acaca9803bc2a33e0ee3161c8080b5c048ac0030ee23413ae0c228d9fc15a4426edf40fcc8423e244446a4444e244556a4455e244666a4466e244776a4477e244886a4488e244996a4499e244aa6a44aae244bb6a44bbe244cc6a44cce244dd6a44dde244ee6a44eee244ff6a44ffe245006a5500e255116a5511e255226a5522e255336a5533e255446a5544e255556a5555e255666a5566e255776a5577e255886a5588e255996e5e20504003b);
INSERT INTO `funcionarios` (`id`, `nome`, `email`, `nivel`, `senha`, `img`) VALUES
(3, 'Joao Marcos Pinto', '0000903387@alunosesimg.com.br', 2, '123', NULL),
(4, 'Renan Lima', '0000908675@alunosesimg.com.br', 2, '12345', NULL);

-- --------------------------------------------------------

--
-- Estrutura da tabela `horario`
--

DROP TABLE IF EXISTS `horario`;
CREATE TABLE IF NOT EXISTS `horario` (
  `id` int NOT NULL AUTO_INCREMENT,
  `inicio` varchar(6) CHARACTER SET utf8mb4 COLLATE utf8mb4_general_ci NOT NULL,
  `fim` varchar(6) CHARACTER SET utf8mb4 COLLATE utf8mb4_general_ci NOT NULL,
  `entidades` int DEFAULT NULL,
  PRIMARY KEY (`id`)
) ENGINE=InnoDB AUTO_INCREMENT=7 DEFAULT CHARSET=utf8mb4 COLLATE=utf8mb4_general_ci;

--
-- Extraindo dados da tabela `horario`
--

INSERT INTO `horario` (`id`, `inicio`, `fim`, `entidades`) VALUES
(1, '7:00', '7:50', NULL),
(2, '7:50', '8:40', NULL),
(3, '8:40', '9:30', NULL),
(4, '9:50', '10:40', NULL),
(5, '10:40', '11:30', NULL),
(6, '11:30', '12:20', NULL);

-- --------------------------------------------------------

--
-- Estrutura da tabela `manuntencao`
--

DROP TABLE IF EXISTS `manuntencao`;
CREATE TABLE IF NOT EXISTS `manuntencao` (
  `id` int NOT NULL AUTO_INCREMENT,
  `codigo_sala` varchar(10) COLLATE utf8mb4_general_ci NOT NULL,
  `reclamante` varchar(120) COLLATE utf8mb4_general_ci NOT NULL,
  `denuncia` text COLLATE utf8mb4_general_ci NOT NULL,
  `nivel_urgencia` int NOT NULL,
  `status` int NOT NULL,
  PRIMARY KEY (`id`)
) ENGINE=MyISAM DEFAULT CHARSET=utf8mb4 COLLATE=utf8mb4_general_ci;

-- --------------------------------------------------------

--
-- Estrutura da tabela `salas`
--

DROP TABLE IF EXISTS `salas`;
CREATE TABLE IF NOT EXISTS `salas` (
  `id` int NOT NULL AUTO_INCREMENT,
  `codigo` varchar(10) CHARACTER SET utf8mb4 COLLATE utf8mb4_general_ci NOT NULL,
  `descricao` text CHARACTER SET utf8mb4 COLLATE utf8mb4_general_ci NOT NULL,
  `capacidade` int NOT NULL,
  PRIMARY KEY (`id`),
  UNIQUE KEY `codigo` (`codigo`)
) ENGINE=InnoDB AUTO_INCREMENT=12 DEFAULT CHARSET=utf8mb4 COLLATE=utf8mb4_general_ci;

--
-- Extraindo dados da tabela `salas`
--

INSERT INTO `salas` (`id`, `codigo`, `descricao`, `capacidade`) VALUES
(1, '102E', 'informatica', 40),
(2, '102D', 'informatica', 40),
(3, '301A', 'Comum', 30),
(4, '202B', 'Comum', 25),
(5, '203B', 'Comum', 30),
(6, '301B', 'Comum', 25),
(7, '203C', 'Laboratorio', 20),
(8, '402A', 'Comum', 20),
(9, '510P', 'Informatica', 30),
(10, '450A', 'Comum', 25),
(11, '800N', 'Laboratorio', 20);

--
-- Restrições para despejos de tabelas
--

--
-- Limitadores para a tabela `agendamentos`
--
ALTER TABLE `agendamentos`
  ADD CONSTRAINT `fk_idf_pk_id` FOREIGN KEY (`id_funcionarios`) REFERENCES `funcionarios` (`id`) ON DELETE RESTRICT ON UPDATE CASCADE,
  ADD CONSTRAINT `fk_idh_pk_id` FOREIGN KEY (`id_horario`) REFERENCES `horario` (`id`) ON DELETE RESTRICT ON UPDATE CASCADE,
  ADD CONSTRAINT `fk_ids_pk_id` FOREIGN KEY (`id_sala`) REFERENCES `salas` (`id`) ON DELETE RESTRICT ON UPDATE CASCADE;
COMMIT;

/*!40101 SET CHARACTER_SET_CLIENT=@OLD_CHARACTER_SET_CLIENT */;
/*!40101 SET CHARACTER_SET_RESULTS=@OLD_CHARACTER_SET_RESULTS */;
/*!40101 SET COLLATION_CONNECTION=@OLD_COLLATION_CONNECTION */;
